2026-03-03 10:10:37 [INFO] ✅ TradeCore v51.0: Engine Active. Monitoring 8 Assets.
2026-03-03 10:10:47 [INFO] 📩 Received Command: /status
2026-03-03 10:11:37 [DEBUG] [EURUSD] SMC Tracker: Bullish Liquidity Swept. Waiting for volume injection.
2026-03-03 10:11:37 [DEBUG] Process Error on EURUSD: 'AnalysisResponse' object has no attribute 'trend'
2026-03-03 10:11:38 [DEBUG] [GBPUSD] SMC Tracker: Price ranging inside structure. No sweeps detected.
2026-03-03 10:11:38 [DEBUG] Process Error on GBPUSD: 'AnalysisResponse' object has no attribute 'trend'
2026-03-03 10:11:38 [DEBUG] [USDJPY] SMC Tracker: Price ranging inside structure. No sweeps detected.
2026-03-03 10:11:38 [DEBUG] Process Error on USDJPY: 'AnalysisResponse' object has no attribute 'trend'
2026-03-03 10:11:38 [DEBUG] [USDCAD] SMC Tracker: Price ranging inside structure. No sweeps detected.
2026-03-03 10:11:38 [DEBUG] Process Error on USDCAD: 'AnalysisResponse' object has no attribute 'trend'
2026-03-03 10:11:38 [DEBUG] [USDCHF] SMC Tracker: Price ranging inside structure. No sweeps detected.
2026-03-03 10:11:38 [DEBUG] Process Error on USDCHF: 'AnalysisResponse' object has no attribute 'trend'
2026-03-03 10:11:38 [DEBUG] [AUDUSD] SMC Tracker: Price ranging inside structure. No sweeps detected.
2026-03-03 10:11:38 [DEBUG] Process Error on AUDUSD: 'AnalysisResponse' object has no attribute 'trend'
2026-03-03 10:11:38 [DEBUG] [NZDUSD] SMC Tracker: Price ranging inside structure. No sweeps detected.
2026-03-03 10:11:38 [DEBUG] Process Error on NZDUSD: 'AnalysisResponse' object has no attribute 'trend'
2026-03-03 10:11:38 [DEBUG] [XAUUSD] SMC Tracker: Price ranging inside structure. No sweeps detected.
2026-03-03 10:11:38 [DEBUG] Process Error on XAUUSD: 'AnalysisResponse' object has no attribute 'trend'
2026-03-03 10:12:38 [DEBUG] [EURUSD] SMC Tracker: Bullish Liquidity Swept. Waiting for volume injection.
2026-03-03 10:12:38 [DEBUG] Process Error on EURUSD: 'AnalysisResponse' object has no attribute 'trend'
2026-03-03 10:12:38 [DEBUG] [GBPUSD] SMC Tracker: Price ranging inside structure. No sweeps detected.
2026-03-03 10:12:38 [DEBUG] Process Error on GBPUSD: 'AnalysisResponse' object has no attribute 'trend'
2026-03-03 10:12:38 [DEBUG] [USDJPY] SMC Tracker: Price ranging inside structure. No sweeps detected.
2026-03-03 10:12:38 [DEBUG] Process Error on USDJPY: 'AnalysisResponse' object has no attribute 'trend'
2026-03-03 10:12:38 [DEBUG] [USDCAD] SMC Tracker: Price ranging inside structure. No sweeps detected.
2026-03-03 10:12:38 [DEBUG] Process Error on USDCAD: 'AnalysisResponse' object has no attribute 'trend'
2026-03-03 10:12:38 [DEBUG] [USDCHF] SMC Tracker: Price ranging inside structure. No sweeps detected.
2026-03-03 10:12:38 [DEBUG] Process Error on USDCHF: 'AnalysisResponse' object has no attribute 'trend'
2026-03-03 10:12:38 [DEBUG] [AUDUSD] SMC Tracker: Price ranging inside structure. No sweeps detected.
2026-03-03 10:12:38 [DEBUG] Process Error on AUDUSD: 'AnalysisResponse' object has no attribute 'trend'
2026-03-03 10:12:38 [DEBUG] [NZDUSD] SMC Tracker: Price ranging inside structure. No sweeps detected.
2026-03-03 10:12:38 [DEBUG] Process Error on NZDUSD: 'AnalysisResponse' object has no attribute 'trend'
2026-03-03 10:12:38 [DEBUG] [XAUUSD] SMC Tracker: Price ranging inside structure. No sweeps detected.
2026-03-03 10:12:38 [DEBUG] Process Error on XAUUSD: 'AnalysisResponse' object has no attribute 'trend'
2026-03-03 10:13:38 [DEBUG] [EURUSD] SMC Tracker: Bullish Liquidity Swept. Waiting for volume injection.
2026-03-03 10:13:38 [DEBUG] Process Error on EURUSD: 'AnalysisResponse' object has no attribute 'trend'
2026-03-03 10:13:38 [DEBUG] [GBPUSD] SMC Tracker: Price ranging inside structure. No sweeps detected.
2026-03-03 10:13:38 [DEBUG] Process Error on GBPUSD: 'AnalysisResponse' object has no attribute 'trend'
2026-03-03 10:13:38 [DEBUG] [USDJPY] SMC Tracker: Price ranging inside structure. No sweeps detected.
2026-03-03 10:13:38 [DEBUG] Process Error on USDJPY: 'AnalysisResponse' object has no attribute 'trend'
2026-03-03 10:13:38 [DEBUG] [USDCAD] SMC Tracker: Price ranging inside structure. No sweeps detected.
2026-03-03 10:13:38 [DEBUG] Process Error on USDCAD: 'AnalysisResponse' object has no attribute 'trend'
2026-03-03 10:13:38 [DEBUG] [USDCHF] SMC Tracker: Price ranging inside structure. No sweeps detected.
2026-03-03 10:13:38 [DEBUG] Process Error on USDCHF: 'AnalysisResponse' object has no attribute 'trend'
2026-03-03 10:13:38 [DEBUG] [AUDUSD] SMC Tracker: Price ranging inside structure. No sweeps detected.
2026-03-03 10:13:38 [DEBUG] Process Error on AUDUSD: 'AnalysisResponse' object has no attribute 'trend'
2026-03-03 10:13:38 [DEBUG] [NZDUSD] SMC Tracker: Price ranging inside structure. No sweeps detected.
2026-03-03 10:13:38 [DEBUG] Process Error on NZDUSD: 'AnalysisResponse' object has no attribute 'trend'
2026-03-03 10:13:38 [DEBUG] [XAUUSD] SMC Tracker: Price ranging inside structure. No sweeps detected.
2026-03-03 10:13:38 [DEBUG] Process Error on XAUUSD: 'AnalysisResponse' object has no attribute 'trend'
2026-03-03 10:14:38 [DEBUG] [EURUSD] SMC Tracker: Bullish Liquidity Swept. Waiting for volume injection.
2026-03-03 10:14:38 [DEBUG] Process Error on EURUSD: 'AnalysisResponse' object has no attribute 'trend'
2026-03-03 10:14:38 [DEBUG] [GBPUSD] SMC Tracker: Price ranging inside structure. No sweeps detected.
2026-03-03 10:14:38 [DEBUG] Process Error on GBPUSD: 'AnalysisResponse' object has no attribute 'trend'
2026-03-03 10:14:38 [DEBUG] [USDJPY] SMC Tracker: Price ranging inside structure. No sweeps detected.
2026-03-03 10:14:38 [DEBUG] Process Error on USDJPY: 'AnalysisResponse' object has no attribute 'trend'
2026-03-03 10:14:38 [DEBUG] [USDCAD] SMC Tracker: Price ranging inside structure. No sweeps detected.
2026-03-03 10:14:38 [DEBUG] Process Error on USDCAD: 'AnalysisResponse' object has no attribute 'trend'
2026-03-03 10:14:38 [DEBUG] [USDCHF] SMC Tracker: Price ranging inside structure. No sweeps detected.
2026-03-03 10:14:38 [DEBUG] Process Error on USDCHF: 'AnalysisResponse' object has no attribute 'trend'
2026-03-03 10:14:38 [DEBUG] [AUDUSD] SMC Tracker: Price ranging inside structure. No sweeps detected.
2026-03-03 10:14:38 [DEBUG] Process Error on AUDUSD: 'AnalysisResponse' object has no attribute 'trend'
2026-03-03 10:14:38 [DEBUG] [NZDUSD] SMC Tracker: Price ranging inside structure. No sweeps detected.
2026-03-03 10:14:38 [DEBUG] Process Error on NZDUSD: 'AnalysisResponse' object has no attribute 'trend'
2026-03-03 10:14:38 [DEBUG] [XAUUSD] SMC Tracker: Price ranging inside structure. No sweeps detected.
2026-03-03 10:14:38 [DEBUG] Process Error on XAUUSD: 'AnalysisResponse' object has no attribute 'trend'
2026-03-03 10:15:38 [DEBUG] [EURUSD] SMC Tracker: Bullish Liquidity Swept. Waiting for volume injection.
2026-03-03 10:15:38 [DEBUG] Process Error on EURUSD: 'AnalysisResponse' object has no attribute 'trend'
2026-03-03 10:15:38 [DEBUG] [GBPUSD] SMC Tracker: Price ranging inside structure. No sweeps detected.
2026-03-03 10:15:38 [DEBUG] Process Error on GBPUSD: 'AnalysisResponse' object has no attribute 'trend'
2026-03-03 10:15:38 [DEBUG] [USDJPY] SMC Tracker: Price ranging inside structure. No sweeps detected.
2026-03-03 10:15:38 [DEBUG] Process Error on USDJPY: 'AnalysisResponse' object has no attribute 'trend'
2026-03-03 10:15:38 [DEBUG] [USDCAD] SMC Tracker: Price ranging inside structure. No sweeps detected.
2026-03-03 10:15:38 [DEBUG] Process Error on USDCAD: 'AnalysisResponse' object has no attribute 'trend'
2026-03-03 10:15:38 [DEBUG] [USDCHF] SMC Tracker: Price ranging inside structure. No sweeps detected.
2026-03-03 10:15:38 [DEBUG] Process Error on USDCHF: 'AnalysisResponse' object has no attribute 'trend'
2026-03-03 10:15:38 [DEBUG] [AUDUSD] SMC Tracker: Price ranging inside structure. No sweeps detected.
2026-03-03 10:15:38 [DEBUG] Process Error on AUDUSD: 'AnalysisResponse' object has no attribute 'trend'
2026-03-03 10:15:38 [DEBUG] [NZDUSD] SMC Tracker: Price ranging inside structure. No sweeps detected.
2026-03-03 10:15:38 [DEBUG] Process Error on NZDUSD: 'AnalysisResponse' object has no attribute 'trend'
2026-03-03 10:15:38 [DEBUG] [XAUUSD] SMC Tracker: Price ranging inside structure. No sweeps detected.
2026-03-03 10:15:38 [DEBUG] Process Error on XAUUSD: 'AnalysisResponse' object has no attribute 'trend'
2026-03-03 10:16:38 [DEBUG] [EURUSD] SMC Tracker: Bullish Liquidity Swept. Waiting for volume injection.
2026-03-03 10:16:38 [DEBUG] Process Error on EURUSD: 'AnalysisResponse' object has no attribute 'trend'
2026-03-03 10:16:38 [DEBUG] [GBPUSD] SMC Tracker: Price ranging inside structure. No sweeps detected.
2026-03-03 10:16:38 [DEBUG] Process Error on GBPUSD: 'AnalysisResponse' object has no attribute 'trend'
2026-03-03 10:16:38 [DEBUG] [USDJPY] SMC Tracker: Price ranging inside structure. No sweeps detected.
2026-03-03 10:16:38 [DEBUG] Process Error on USDJPY: 'AnalysisResponse' object has no attribute 'trend'
2026-03-03 10:16:38 [DEBUG] [USDCAD] SMC Tracker: Price ranging inside structure. No sweeps detected.
2026-03-03 10:16:38 [DEBUG] Process Error on USDCAD: 'AnalysisResponse' object has no attribute 'trend'
2026-03-03 10:16:38 [DEBUG] [USDCHF] SMC Tracker: Price ranging inside structure. No sweeps detected.
2026-03-03 10:16:38 [DEBUG] Process Error on USDCHF: 'AnalysisResponse' object has no attribute 'trend'
2026-03-03 10:16:38 [DEBUG] [AUDUSD] SMC Tracker: Price ranging inside structure. No sweeps detected.
2026-03-03 10:16:38 [DEBUG] Process Error on AUDUSD: 'AnalysisResponse' object has no attribute 'trend'
2026-03-03 10:16:38 [DEBUG] [NZDUSD] SMC Tracker: Price ranging inside structure. No sweeps detected.
2026-03-03 10:16:38 [DEBUG] Process Error on NZDUSD: 'AnalysisResponse' object has no attribute 'trend'
2026-03-03 10:16:38 [DEBUG] [XAUUSD] SMC Tracker: Price ranging inside structure. No sweeps detected.
2026-03-03 10:16:38 [DEBUG] Process Error on XAUUSD: 'AnalysisResponse' object has no attribute 'trend'
2026-03-03 10:17:38 [DEBUG] [EURUSD] SMC Tracker: Bullish Liquidity Swept. Waiting for volume injection.
2026-03-03 10:17:38 [DEBUG] Process Error on EURUSD: 'AnalysisResponse' object has no attribute 'trend'
2026-03-03 10:17:38 [DEBUG] [GBPUSD] SMC Tracker: Price ranging inside structure. No sweeps detected.
2026-03-03 10:17:38 [DEBUG] Process Error on GBPUSD: 'AnalysisResponse' object has no attribute 'trend'
2026-03-03 10:17:38 [DEBUG] [USDJPY] SMC Tracker: Price ranging inside structure. No sweeps detected.
2026-03-03 10:17:38 [DEBUG] Process Error on USDJPY: 'AnalysisResponse' object has no attribute 'trend'
2026-03-03 10:17:38 [DEBUG] [USDCAD] SMC Tracker: Price ranging inside structure. No sweeps detected.
2026-03-03 10:17:38 [DEBUG] Process Error on USDCAD: 'AnalysisResponse' object has no attribute 'trend'
2026-03-03 10:17:38 [DEBUG] [USDCHF] SMC Tracker: Price ranging inside structure. No sweeps detected.
2026-03-03 10:17:38 [DEBUG] Process Error on USDCHF: 'AnalysisResponse' object has no attribute 'trend'
2026-03-03 10:17:38 [DEBUG] [AUDUSD] SMC Tracker: Price ranging inside structure. No sweeps detected.
2026-03-03 10:17:38 [DEBUG] Process Error on AUDUSD: 'AnalysisResponse' object has no attribute 'trend'
2026-03-03 10:17:38 [DEBUG] [NZDUSD] SMC Tracker: Price ranging inside structure. No sweeps detected.
2026-03-03 10:17:38 [DEBUG] Process Error on NZDUSD: 'AnalysisResponse' object has no attribute 'trend'
2026-03-03 10:17:38 [DEBUG] [XAUUSD] SMC Tracker: Price ranging inside structure. No sweeps detected.
2026-03-03 10:17:38 [DEBUG] Process Error on XAUUSD: 'AnalysisResponse' object has no attribute 'trend'
2026-03-03 10:18:00 [INFO] Stopped.
2026-03-03 10:18:03 [INFO] ✅ TradeCore v51.0: Engine Active. Monitoring 8 Assets.
2026-03-03 10:19:04 [DEBUG] [EURUSD] SMC Tracker: Bullish Liquidity Swept. Waiting for volume injection.
2026-03-03 10:19:04 [DEBUG] Process Error on EURUSD: 'AnalysisResponse' object has no attribute 'trend'
2026-03-03 10:19:04 [DEBUG] [GBPUSD] SMC Tracker: Price ranging inside structure. No sweeps detected.
2026-03-03 10:19:04 [DEBUG] Process Error on GBPUSD: 'AnalysisResponse' object has no attribute 'trend'
2026-03-03 10:19:04 [DEBUG] [USDJPY] SMC Tracker: Price ranging inside structure. No sweeps detected.
2026-03-03 10:19:04 [DEBUG] Process Error on USDJPY: 'AnalysisResponse' object has no attribute 'trend'
2026-03-03 10:19:04 [DEBUG] [USDCAD] SMC Tracker: Price ranging inside structure. No sweeps detected.
2026-03-03 10:19:04 [DEBUG] Process Error on USDCAD: 'AnalysisResponse' object has no attribute 'trend'
2026-03-03 10:19:04 [DEBUG] [USDCHF] SMC Tracker: Price ranging inside structure. No sweeps detected.
2026-03-03 10:19:04 [DEBUG] Process Error on USDCHF: 'AnalysisResponse' object has no attribute 'trend'
2026-03-03 10:19:04 [DEBUG] [AUDUSD] SMC Tracker: Price ranging inside structure. No sweeps detected.
2026-03-03 10:19:04 [DEBUG] Process Error on AUDUSD: 'AnalysisResponse' object has no attribute 'trend'
2026-03-03 10:19:04 [DEBUG] [NZDUSD] SMC Tracker: Price ranging inside structure. No sweeps detected.
2026-03-03 10:19:04 [DEBUG] Process Error on NZDUSD: 'AnalysisResponse' object has no attribute 'trend'
2026-03-03 10:19:04 [DEBUG] [XAUUSD] SMC Tracker: Price ranging inside structure. No sweeps detected.
2026-03-03 10:19:04 [DEBUG] Process Error on XAUUSD: 'AnalysisResponse' object has no attribute 'trend'
2026-03-03 10:20:04 [DEBUG] [EURUSD] SMC Tracker: Bullish Liquidity Swept. Waiting for volume injection.
2026-03-03 10:20:04 [DEBUG] Process Error on EURUSD: 'AnalysisResponse' object has no attribute 'trend'
2026-03-03 10:20:04 [DEBUG] [GBPUSD] SMC Tracker: Price ranging inside structure. No sweeps detected.
2026-03-03 10:20:04 [DEBUG] Process Error on GBPUSD: 'AnalysisResponse' object has no attribute 'trend'
2026-03-03 10:20:04 [DEBUG] [USDJPY] SMC Tracker: Price ranging inside structure. No sweeps detected.
2026-03-03 10:20:04 [DEBUG] Process Error on USDJPY: 'AnalysisResponse' object has no attribute 'trend'
2026-03-03 10:20:04 [DEBUG] [USDCAD] SMC Tracker: Price ranging inside structure. No sweeps detected.
2026-03-03 10:20:04 [DEBUG] Process Error on USDCAD: 'AnalysisResponse' object has no attribute 'trend'
2026-03-03 10:20:04 [DEBUG] [USDCHF] SMC Tracker: Price ranging inside structure. No sweeps detected.
2026-03-03 10:20:04 [DEBUG] Process Error on USDCHF: 'AnalysisResponse' object has no attribute 'trend'
2026-03-03 10:20:04 [DEBUG] [AUDUSD] SMC Tracker: Price ranging inside structure. No sweeps detected.
2026-03-03 10:20:04 [DEBUG] Process Error on AUDUSD: 'AnalysisResponse' object has no attribute 'trend'
2026-03-03 10:20:04 [DEBUG] [NZDUSD] SMC Tracker: Price ranging inside structure. No sweeps detected.
2026-03-03 10:20:04 [DEBUG] Process Error on NZDUSD: 'AnalysisResponse' object has no attribute 'trend'
2026-03-03 10:20:04 [DEBUG] [XAUUSD] SMC Tracker: Price ranging inside structure. No sweeps detected.
2026-03-03 10:20:04 [DEBUG] Process Error on XAUUSD: 'AnalysisResponse' object has no attribute 'trend'
2026-03-03 10:21:04 [DEBUG] [EURUSD] SMC Tracker: Bullish Liquidity Swept. Waiting for volume injection.
2026-03-03 10:21:04 [DEBUG] Process Error on EURUSD: 'AnalysisResponse' object has no attribute 'trend'
2026-03-03 10:21:04 [DEBUG] [GBPUSD] SMC Tracker: Price ranging inside structure. No sweeps detected.
2026-03-03 10:21:04 [DEBUG] Process Error on GBPUSD: 'AnalysisResponse' object has no attribute 'trend'
2026-03-03 10:21:04 [DEBUG] [USDJPY] SMC Tracker: Price ranging inside structure. No sweeps detected.
2026-03-03 10:21:04 [DEBUG] Process Error on USDJPY: 'AnalysisResponse' object has no attribute 'trend'
2026-03-03 10:21:04 [DEBUG] [USDCAD] SMC Tracker: Price ranging inside structure. No sweeps detected.
2026-03-03 10:21:04 [DEBUG] Process Error on USDCAD: 'AnalysisResponse' object has no attribute 'trend'
2026-03-03 10:21:04 [DEBUG] [USDCHF] SMC Tracker: Price ranging inside structure. No sweeps detected.
2026-03-03 10:21:04 [DEBUG] Process Error on USDCHF: 'AnalysisResponse' object has no attribute 'trend'
2026-03-03 10:21:04 [DEBUG] [AUDUSD] SMC Tracker: Price ranging inside structure. No sweeps detected.
2026-03-03 10:21:04 [DEBUG] Process Error on AUDUSD: 'AnalysisResponse' object has no attribute 'trend'
2026-03-03 10:21:04 [DEBUG] [NZDUSD] SMC Tracker: Price ranging inside structure. No sweeps detected.
2026-03-03 10:21:04 [DEBUG] Process Error on NZDUSD: 'AnalysisResponse' object has no attribute 'trend'
2026-03-03 10:21:04 [DEBUG] [XAUUSD] SMC Tracker: Price ranging inside structure. No sweeps detected.
2026-03-03 10:21:04 [DEBUG] Process Error on XAUUSD: 'AnalysisResponse' object has no attribute 'trend'
2026-03-03 10:22:04 [DEBUG] [EURUSD] SMC Tracker: Bullish Liquidity Swept. Waiting for volume injection.
2026-03-03 10:22:04 [DEBUG] Process Error on EURUSD: 'AnalysisResponse' object has no attribute 'trend'
2026-03-03 10:22:04 [DEBUG] [GBPUSD] SMC Tracker: Price ranging inside structure. No sweeps detected.
2026-03-03 10:22:04 [DEBUG] Process Error on GBPUSD: 'AnalysisResponse' object has no attribute 'trend'
2026-03-03 10:22:04 [DEBUG] [USDJPY] SMC Tracker: Price ranging inside structure. No sweeps detected.
2026-03-03 10:22:04 [DEBUG] Process Error on USDJPY: 'AnalysisResponse' object has no attribute 'trend'
2026-03-03 10:22:04 [DEBUG] [USDCAD] SMC Tracker: Price ranging inside structure. No sweeps detected.
2026-03-03 10:22:04 [DEBUG] Process Error on USDCAD: 'AnalysisResponse' object has no attribute 'trend'
2026-03-03 10:22:04 [DEBUG] [USDCHF] SMC Tracker: Price ranging inside structure. No sweeps detected.
2026-03-03 10:22:04 [DEBUG] Process Error on USDCHF: 'AnalysisResponse' object has no attribute 'trend'
2026-03-03 10:22:04 [DEBUG] [AUDUSD] SMC Tracker: Price ranging inside structure. No sweeps detected.
2026-03-03 10:22:04 [DEBUG] Process Error on AUDUSD: 'AnalysisResponse' object has no attribute 'trend'
2026-03-03 10:22:04 [DEBUG] [NZDUSD] SMC Tracker: Price ranging inside structure. No sweeps detected.
2026-03-03 10:22:04 [DEBUG] Process Error on NZDUSD: 'AnalysisResponse' object has no attribute 'trend'
2026-03-03 10:22:04 [DEBUG] [XAUUSD] SMC Tracker: Price ranging inside structure. No sweeps detected.
2026-03-03 10:22:04 [DEBUG] Process Error on XAUUSD: 'AnalysisResponse' object has no attribute 'trend'
2026-03-03 10:22:28 [INFO] Stopped.
2026-03-03 10:22:30 [INFO] ✅ TradeCore v51.0: Engine Active. Monitoring 8 Assets.
2026-03-03 10:23:33 [DEBUG] [EURUSD] SMC Tracker: Bullish Liquidity Swept. Waiting for volume injection.
2026-03-03 10:23:33 [DEBUG] Process Error on EURUSD: 'AnalysisResponse' object has no attribute 'trend'
2026-03-03 10:23:33 [DEBUG] [GBPUSD] SMC Tracker: Price ranging inside structure. No sweeps detected.
2026-03-03 10:23:33 [DEBUG] Process Error on GBPUSD: 'AnalysisResponse' object has no attribute 'trend'
2026-03-03 10:23:33 [DEBUG] [USDJPY] SMC Tracker: Price ranging inside structure. No sweeps detected.
2026-03-03 10:23:33 [DEBUG] Process Error on USDJPY: 'AnalysisResponse' object has no attribute 'trend'
2026-03-03 10:23:33 [DEBUG] [USDCAD] SMC Tracker: Price ranging inside structure. No sweeps detected.
2026-03-03 10:23:33 [DEBUG] Process Error on USDCAD: 'AnalysisResponse' object has no attribute 'trend'
2026-03-03 10:23:33 [DEBUG] [USDCHF] SMC Tracker: Price ranging inside structure. No sweeps detected.
2026-03-03 10:23:33 [DEBUG] Process Error on USDCHF: 'AnalysisResponse' object has no attribute 'trend'
2026-03-03 10:23:33 [DEBUG] [AUDUSD] SMC Tracker: Price ranging inside structure. No sweeps detected.
2026-03-03 10:23:33 [DEBUG] Process Error on AUDUSD: 'AnalysisResponse' object has no attribute 'trend'
2026-03-03 10:23:33 [DEBUG] [NZDUSD] SMC Tracker: Price ranging inside structure. No sweeps detected.
2026-03-03 10:23:33 [DEBUG] Process Error on NZDUSD: 'AnalysisResponse' object has no attribute 'trend'
2026-03-03 10:23:33 [DEBUG] [XAUUSD] SMC Tracker: Price ranging inside structure. No sweeps detected.
2026-03-03 10:23:33 [DEBUG] Process Error on XAUUSD: 'AnalysisResponse' object has no attribute 'trend'
2026-03-03 10:24:33 [DEBUG] [EURUSD] SMC Tracker: Bullish Liquidity Swept. Waiting for volume injection.
2026-03-03 10:24:33 [DEBUG] Process Error on EURUSD: 'AnalysisResponse' object has no attribute 'trend'
2026-03-03 10:24:33 [DEBUG] [GBPUSD] SMC Tracker: Price ranging inside structure. No sweeps detected.
2026-03-03 10:24:33 [DEBUG] Process Error on GBPUSD: 'AnalysisResponse' object has no attribute 'trend'
2026-03-03 10:24:33 [DEBUG] [USDJPY] SMC Tracker: Price ranging inside structure. No sweeps detected.
2026-03-03 10:24:33 [DEBUG] Process Error on USDJPY: 'AnalysisResponse' object has no attribute 'trend'
2026-03-03 10:24:33 [DEBUG] [USDCAD] SMC Tracker: Price ranging inside structure. No sweeps detected.
2026-03-03 10:24:33 [DEBUG] Process Error on USDCAD: 'AnalysisResponse' object has no attribute 'trend'
2026-03-03 10:24:33 [DEBUG] [USDCHF] SMC Tracker: Price ranging inside structure. No sweeps detected.
2026-03-03 10:24:33 [DEBUG] Process Error on USDCHF: 'AnalysisResponse' object has no attribute 'trend'
2026-03-03 10:24:33 [DEBUG] [AUDUSD] SMC Tracker: Price ranging inside structure. No sweeps detected.
2026-03-03 10:24:33 [DEBUG] Process Error on AUDUSD: 'AnalysisResponse' object has no attribute 'trend'
2026-03-03 10:24:33 [DEBUG] [NZDUSD] SMC Tracker: Price ranging inside structure. No sweeps detected.
2026-03-03 10:24:33 [DEBUG] Process Error on NZDUSD: 'AnalysisResponse' object has no attribute 'trend'
2026-03-03 10:24:33 [DEBUG] [XAUUSD] SMC Tracker: Price ranging inside structure. No sweeps detected.
2026-03-03 10:24:33 [DEBUG] Process Error on XAUUSD: 'AnalysisResponse' object has no attribute 'trend'
2026-03-03 10:25:33 [DEBUG] [EURUSD] SMC Tracker: Bullish Liquidity Swept. Waiting for volume injection.
2026-03-03 10:25:33 [DEBUG] Process Error on EURUSD: 'AnalysisResponse' object has no attribute 'trend'
2026-03-03 10:25:33 [DEBUG] [GBPUSD] SMC Tracker: Price ranging inside structure. No sweeps detected.
2026-03-03 10:25:33 [DEBUG] Process Error on GBPUSD: 'AnalysisResponse' object has no attribute 'trend'
2026-03-03 10:25:33 [DEBUG] [USDJPY] SMC Tracker: Price ranging inside structure. No sweeps detected.
2026-03-03 10:25:33 [DEBUG] Process Error on USDJPY: 'AnalysisResponse' object has no attribute 'trend'
2026-03-03 10:25:33 [DEBUG] [USDCAD] SMC Tracker: Price ranging inside structure. No sweeps detected.
2026-03-03 10:25:33 [DEBUG] Process Error on USDCAD: 'AnalysisResponse' object has no attribute 'trend'
2026-03-03 10:25:33 [DEBUG] [USDCHF] SMC Tracker: Price ranging inside structure. No sweeps detected.
2026-03-03 10:25:33 [DEBUG] Process Error on USDCHF: 'AnalysisResponse' object has no attribute 'trend'
2026-03-03 10:25:33 [DEBUG] [AUDUSD] SMC Tracker: Price ranging inside structure. No sweeps detected.
2026-03-03 10:25:33 [DEBUG] Process Error on AUDUSD: 'AnalysisResponse' object has no attribute 'trend'
2026-03-03 10:25:33 [DEBUG] [NZDUSD] SMC Tracker: Price ranging inside structure. No sweeps detected.
2026-03-03 10:25:33 [DEBUG] Process Error on NZDUSD: 'AnalysisResponse' object has no attribute 'trend'
2026-03-03 10:25:33 [DEBUG] [XAUUSD] SMC Tracker: Price ranging inside structure. No sweeps detected.
2026-03-03 10:25:33 [DEBUG] Process Error on XAUUSD: 'AnalysisResponse' object has no attribute 'trend'
2026-03-03 10:26:32 [DEBUG] [EURUSD] SMC Tracker: Bullish Liquidity Swept. Waiting for volume injection.
2026-03-03 10:26:32 [DEBUG] Process Error on EURUSD: 'AnalysisResponse' object has no attribute 'trend'
2026-03-03 10:26:33 [DEBUG] [GBPUSD] SMC Tracker: Price ranging inside structure. No sweeps detected.
2026-03-03 10:26:33 [DEBUG] Process Error on GBPUSD: 'AnalysisResponse' object has no attribute 'trend'
2026-03-03 10:26:33 [DEBUG] [USDJPY] SMC Tracker: Price ranging inside structure. No sweeps detected.
2026-03-03 10:26:33 [DEBUG] Process Error on USDJPY: 'AnalysisResponse' object has no attribute 'trend'
2026-03-03 10:26:33 [DEBUG] [USDCAD] SMC Tracker: Price ranging inside structure. No sweeps detected.
2026-03-03 10:26:33 [DEBUG] Process Error on USDCAD: 'AnalysisResponse' object has no attribute 'trend'
2026-03-03 10:26:33 [DEBUG] [USDCHF] SMC Tracker: Price ranging inside structure. No sweeps detected.
2026-03-03 10:26:33 [DEBUG] Process Error on USDCHF: 'AnalysisResponse' object has no attribute 'trend'
2026-03-03 10:26:33 [DEBUG] [AUDUSD] SMC Tracker: Price ranging inside structure. No sweeps detected.
2026-03-03 10:26:33 [DEBUG] Process Error on AUDUSD: 'AnalysisResponse' object has no attribute 'trend'
2026-03-03 10:26:33 [DEBUG] [NZDUSD] SMC Tracker: Price ranging inside structure. No sweeps detected.
2026-03-03 10:26:33 [DEBUG] Process Error on NZDUSD: 'AnalysisResponse' object has no attribute 'trend'
2026-03-03 10:26:33 [DEBUG] [XAUUSD] SMC Tracker: Price ranging inside structure. No sweeps detected.
2026-03-03 10:26:33 [DEBUG] Process Error on XAUUSD: 'AnalysisResponse' object has no attribute 'trend'
2026-03-03 10:27:10 [INFO] Stopped.
2026-03-03 10:27:12 [INFO] ✅ TradeCore v51.0: Engine Active. Monitoring 8 Assets.
2026-03-03 10:27:54 [INFO] Stopped.
2026-03-03 10:27:56 [INFO] ✅ TradeCore v51.0: Engine Active. Monitoring 8 Assets.
2026-03-03 10:28:38 [INFO] Stopped.
2026-03-03 10:28:41 [INFO] ✅ TradeCore v51.0: Engine Active. Monitoring 8 Assets.
2026-03-03 10:28:54 [INFO] 📩 Received Command: /status
2026-03-03 10:29:42 [DEBUG] [EURUSD] SMC Tracker: Price ranging inside structure. No sweeps detected.
2026-03-03 10:29:42 [DEBUG] Process Error on EURUSD: 'AnalysisResponse' object has no attribute 'trend'
2026-03-03 10:29:43 [DEBUG] [GBPUSD] SMC Tracker: Price ranging inside structure. No sweeps detected.
2026-03-03 10:29:43 [DEBUG] Process Error on GBPUSD: 'AnalysisResponse' object has no attribute 'trend'
2026-03-03 10:29:45 [DEBUG] [USDJPY] SMC Tracker: Price ranging inside structure. No sweeps detected.
2026-03-03 10:29:45 [DEBUG] Process Error on USDJPY: 'AnalysisResponse' object has no attribute 'trend'
2026-03-03 10:29:47 [DEBUG] [USDCAD] SMC Tracker: Price ranging inside structure. No sweeps detected.
2026-03-03 10:29:47 [DEBUG] Process Error on USDCAD: 'AnalysisResponse' object has no attribute 'trend'
2026-03-03 10:29:49 [DEBUG] [USDCHF] SMC Tracker: Price ranging inside structure. No sweeps detected.
2026-03-03 10:29:49 [DEBUG] Process Error on USDCHF: 'AnalysisResponse' object has no attribute 'trend'
2026-03-03 10:29:50 [DEBUG] [AUDUSD] SMC Tracker: Price ranging inside structure. No sweeps detected.
2026-03-03 10:29:50 [DEBUG] Process Error on AUDUSD: 'AnalysisResponse' object has no attribute 'trend'
2026-03-03 10:29:51 [DEBUG] [NZDUSD] SMC Tracker: Price ranging inside structure. No sweeps detected.
2026-03-03 10:29:51 [DEBUG] Process Error on NZDUSD: 'AnalysisResponse' object has no attribute 'trend'
2026-03-03 10:29:52 [DEBUG] [XAUUSD] SMC Tracker: Price ranging inside structure. No sweeps detected.
2026-03-03 10:29:52 [DEBUG] Process Error on XAUUSD: 'AnalysisResponse' object has no attribute 'trend'
2026-03-03 10:30:43 [DEBUG] [EURUSD] SMC Tracker: Bullish Liquidity Swept. Waiting for volume injection.
2026-03-03 10:30:43 [DEBUG] Process Error on EURUSD: 'AnalysisResponse' object has no attribute 'trend'
2026-03-03 10:30:44 [DEBUG] [GBPUSD] SMC Tracker: Bullish Liquidity Swept. Waiting for volume injection.
2026-03-03 10:30:44 [DEBUG] Process Error on GBPUSD: 'AnalysisResponse' object has no attribute 'trend'
2026-03-03 10:30:45 [INFO] 🔎 MTF Confluence Locked: USDJPY BUY (Conf: 96%)
2026-03-03 10:30:45 [DEBUG] Process Error on USDJPY: 'AnalysisResponse' object has no attribute 'trend'
2026-03-03 10:30:45 [INFO] 🛡️ Margin Armor Active: Cannot open USDJPY. Margin Level critically low (0.00%)
2026-03-03 10:30:47 [DEBUG] [USDCAD] SMC Tracker: Price ranging inside structure. No sweeps detected.
2026-03-03 10:30:47 [DEBUG] Process Error on USDCAD: 'AnalysisResponse' object has no attribute 'trend'
2026-03-03 10:30:49 [DEBUG] [USDCHF] SMC Tracker: Bearish Liquidity Swept. Waiting for volume injection.
2026-03-03 10:30:49 [DEBUG] Process Error on USDCHF: 'AnalysisResponse' object has no attribute 'trend'
2026-03-03 10:30:51 [DEBUG] [AUDUSD] SMC Tracker: Price ranging inside structure. No sweeps detected.
2026-03-03 10:30:51 [DEBUG] Process Error on AUDUSD: 'AnalysisResponse' object has no attribute 'trend'
2026-03-03 10:30:51 [DEBUG] [NZDUSD] SMC Tracker: Price ranging inside structure. No sweeps detected.
2026-03-03 10:30:51 [DEBUG] Process Error on NZDUSD: 'AnalysisResponse' object has no attribute 'trend'
2026-03-03 10:30:53 [DEBUG] [XAUUSD] SMC Tracker: Price ranging inside structure. No sweeps detected.
2026-03-03 10:30:53 [DEBUG] Process Error on XAUUSD: 'AnalysisResponse' object has no attribute 'trend'
2026-03-03 10:31:45 [DEBUG] [EURUSD] SMC Tracker: Bullish Liquidity Swept. Waiting for volume injection.
2026-03-03 10:31:45 [DEBUG] Process Error on EURUSD: 'AnalysisResponse' object has no attribute 'trend'
2026-03-03 10:31:46 [DEBUG] [GBPUSD] SMC Tracker: Bullish Liquidity Swept. Waiting for volume injection.
2026-03-03 10:31:46 [DEBUG] Process Error on GBPUSD: 'AnalysisResponse' object has no attribute 'trend'
2026-03-03 10:31:47 [INFO] 🔎 MTF Confluence Locked: USDJPY BUY (Conf: 96%)
2026-03-03 10:31:47 [DEBUG] Process Error on USDJPY: 'AnalysisResponse' object has no attribute 'trend'
2026-03-03 10:31:47 [INFO] 🛡️ Margin Armor Active: Cannot open USDJPY. Margin Level critically low (0.00%)
2026-03-03 10:31:49 [DEBUG] [USDCAD] SMC Tracker: Price ranging inside structure. No sweeps detected.
2026-03-03 10:31:49 [DEBUG] Process Error on USDCAD: 'AnalysisResponse' object has no attribute 'trend'
2026-03-03 10:31:52 [DEBUG] [USDCHF] SMC Tracker: Bearish Liquidity Swept. Waiting for volume injection.
2026-03-03 10:31:52 [DEBUG] Process Error on USDCHF: 'AnalysisResponse' object has no attribute 'trend'
2026-03-03 10:31:54 [DEBUG] [AUDUSD] SMC Tracker: Price ranging inside structure. No sweeps detected.
2026-03-03 10:31:54 [DEBUG] Process Error on AUDUSD: 'AnalysisResponse' object has no attribute 'trend'
2026-03-03 10:32:00 [DEBUG] [NZDUSD] SMC Tracker: Price ranging inside structure. No sweeps detected.
2026-03-03 10:32:00 [DEBUG] Process Error on NZDUSD: 'AnalysisResponse' object has no attribute 'trend'
2026-03-03 10:32:00 [DEBUG] [XAUUSD] SMC Tracker: Price ranging inside structure. No sweeps detected.
2026-03-03 10:32:00 [DEBUG] Process Error on XAUUSD: 'AnalysisResponse' object has no attribute 'trend'
2026-03-03 10:32:43 [DEBUG] [EURUSD] SMC Tracker: Bullish Liquidity Swept. Waiting for volume injection.
2026-03-03 10:32:43 [DEBUG] Process Error on EURUSD: 'AnalysisResponse' object has no attribute 'trend'
2026-03-03 10:32:43 [DEBUG] [GBPUSD] SMC Tracker: Bullish Liquidity Swept. Waiting for volume injection.
2026-03-03 10:32:43 [DEBUG] Process Error on GBPUSD: 'AnalysisResponse' object has no attribute 'trend'
2026-03-03 10:32:44 [INFO] 🔎 MTF Confluence Locked: USDJPY BUY (Conf: 96%)
2026-03-03 10:32:44 [DEBUG] Process Error on USDJPY: 'AnalysisResponse' object has no attribute 'trend'
2026-03-03 10:32:44 [INFO] 🛡️ Margin Armor Active: Cannot open USDJPY. Margin Level critically low (0.00%)
2026-03-03 10:32:45 [DEBUG] [USDCAD] SMC Tracker: Price ranging inside structure. No sweeps detected.
2026-03-03 10:32:45 [DEBUG] Process Error on USDCAD: 'AnalysisResponse' object has no attribute 'trend'
2026-03-03 10:32:46 [DEBUG] [USDCHF] SMC Tracker: Bearish Liquidity Swept. Waiting for volume injection.
2026-03-03 10:32:46 [DEBUG] Process Error on USDCHF: 'AnalysisResponse' object has no attribute 'trend'
2026-03-03 10:32:47 [DEBUG] [AUDUSD] SMC Tracker: Price ranging inside structure. No sweeps detected.
2026-03-03 10:32:47 [DEBUG] Process Error on AUDUSD: 'AnalysisResponse' object has no attribute 'trend'
2026-03-03 10:32:47 [DEBUG] [NZDUSD] SMC Tracker: Price ranging inside structure. No sweeps detected.
2026-03-03 10:32:47 [DEBUG] Process Error on NZDUSD: 'AnalysisResponse' object has no attribute 'trend'
2026-03-03 10:32:48 [DEBUG] [XAUUSD] SMC Tracker: Price ranging inside structure. No sweeps detected.
2026-03-03 10:32:48 [DEBUG] Process Error on XAUUSD: 'AnalysisResponse' object has no attribute 'trend'
2026-03-03 10:33:43 [DEBUG] [EURUSD] SMC Tracker: Bullish Liquidity Swept. Waiting for volume injection.
2026-03-03 10:33:43 [DEBUG] Process Error on EURUSD: 'AnalysisResponse' object has no attribute 'trend'
2026-03-03 10:33:43 [DEBUG] [GBPUSD] SMC Tracker: Bullish Liquidity Swept. Waiting for volume injection.
2026-03-03 10:33:43 [DEBUG] Process Error on GBPUSD: 'AnalysisResponse' object has no attribute 'trend'
2026-03-03 10:33:43 [INFO] 🔎 MTF Confluence Locked: USDJPY BUY (Conf: 96%)
2026-03-03 10:33:43 [DEBUG] Process Error on USDJPY: 'AnalysisResponse' object has no attribute 'trend'
2026-03-03 10:33:43 [INFO] 🛡️ Margin Armor Active: Cannot open USDJPY. Margin Level critically low (0.00%)
2026-03-03 10:33:43 [DEBUG] [USDCAD] SMC Tracker: Price ranging inside structure. No sweeps detected.
2026-03-03 10:33:43 [DEBUG] Process Error on USDCAD: 'AnalysisResponse' object has no attribute 'trend'
2026-03-03 10:33:43 [DEBUG] [USDCHF] SMC Tracker: Bearish Liquidity Swept. Waiting for volume injection.
2026-03-03 10:33:43 [DEBUG] Process Error on USDCHF: 'AnalysisResponse' object has no attribute 'trend'
2026-03-03 10:33:43 [DEBUG] [AUDUSD] SMC Tracker: Price ranging inside structure. No sweeps detected.
2026-03-03 10:33:43 [DEBUG] Process Error on AUDUSD: 'AnalysisResponse' object has no attribute 'trend'
2026-03-03 10:33:43 [DEBUG] [NZDUSD] SMC Tracker: Price ranging inside structure. No sweeps detected.
2026-03-03 10:33:43 [DEBUG] Process Error on NZDUSD: 'AnalysisResponse' object has no attribute 'trend'
2026-03-03 10:33:43 [DEBUG] [XAUUSD] SMC Tracker: Price ranging inside structure. No sweeps detected.
2026-03-03 10:33:43 [DEBUG] Process Error on XAUUSD: 'AnalysisResponse' object has no attribute 'trend'
2026-03-03 10:34:42 [DEBUG] [EURUSD] SMC Tracker: Bullish Liquidity Swept. Waiting for volume injection.
2026-03-03 10:34:42 [DEBUG] Process Error on EURUSD: 'AnalysisResponse' object has no attribute 'trend'
2026-03-03 10:34:42 [DEBUG] [GBPUSD] SMC Tracker: Bullish Liquidity Swept. Waiting for volume injection.
2026-03-03 10:34:42 [DEBUG] Process Error on GBPUSD: 'AnalysisResponse' object has no attribute 'trend'
2026-03-03 10:34:42 [INFO] 🔎 MTF Confluence Locked: USDJPY BUY (Conf: 96%)
2026-03-03 10:34:42 [DEBUG] Process Error on USDJPY: 'AnalysisResponse' object has no attribute 'trend'
2026-03-03 10:34:42 [INFO] 🛡️ Margin Armor Active: Cannot open USDJPY. Margin Level critically low (0.00%)
2026-03-03 10:34:42 [DEBUG] [USDCAD] SMC Tracker: Price ranging inside structure. No sweeps detected.
2026-03-03 10:34:42 [DEBUG] Process Error on USDCAD: 'AnalysisResponse' object has no attribute 'trend'
2026-03-03 10:34:42 [DEBUG] [USDCHF] SMC Tracker: Bearish Liquidity Swept. Waiting for volume injection.
2026-03-03 10:34:42 [DEBUG] Process Error on USDCHF: 'AnalysisResponse' object has no attribute 'trend'
2026-03-03 10:34:42 [DEBUG] [AUDUSD] SMC Tracker: Price ranging inside structure. No sweeps detected.
2026-03-03 10:34:42 [DEBUG] Process Error on AUDUSD: 'AnalysisResponse' object has no attribute 'trend'
2026-03-03 10:34:42 [DEBUG] [NZDUSD] SMC Tracker: Price ranging inside structure. No sweeps detected.
2026-03-03 10:34:42 [DEBUG] Process Error on NZDUSD: 'AnalysisResponse' object has no attribute 'trend'
2026-03-03 10:34:42 [DEBUG] [XAUUSD] SMC Tracker: Price ranging inside structure. No sweeps detected.
2026-03-03 10:34:42 [DEBUG] Process Error on XAUUSD: 'AnalysisResponse' object has no attribute 'trend'
2026-03-03 10:35:42 [DEBUG] [EURUSD] SMC Tracker: Bullish Liquidity Swept. Waiting for volume injection.
2026-03-03 10:35:42 [DEBUG] Process Error on EURUSD: 'AnalysisResponse' object has no attribute 'trend'
2026-03-03 10:35:42 [DEBUG] [GBPUSD] SMC Tracker: Bullish Liquidity Swept. Waiting for volume injection.
2026-03-03 10:35:42 [DEBUG] Process Error on GBPUSD: 'AnalysisResponse' object has no attribute 'trend'
2026-03-03 10:35:42 [INFO] 🔎 MTF Confluence Locked: USDJPY BUY (Conf: 96%)
2026-03-03 10:35:42 [DEBUG] Process Error on USDJPY: 'AnalysisResponse' object has no attribute 'trend'
2026-03-03 10:35:42 [INFO] 🛡️ Margin Armor Active: Cannot open USDJPY. Margin Level critically low (0.00%)
2026-03-03 10:35:42 [DEBUG] [USDCAD] SMC Tracker: Price ranging inside structure. No sweeps detected.
2026-03-03 10:35:42 [DEBUG] Process Error on USDCAD: 'AnalysisResponse' object has no attribute 'trend'
2026-03-03 10:35:42 [DEBUG] [USDCHF] SMC Tracker: Bearish Liquidity Swept. Waiting for volume injection.
2026-03-03 10:35:42 [DEBUG] Process Error on USDCHF: 'AnalysisResponse' object has no attribute 'trend'
2026-03-03 10:35:42 [DEBUG] [AUDUSD] SMC Tracker: Price ranging inside structure. No sweeps detected.
2026-03-03 10:35:42 [DEBUG] Process Error on AUDUSD: 'AnalysisResponse' object has no attribute 'trend'
2026-03-03 10:35:42 [DEBUG] [NZDUSD] SMC Tracker: Price ranging inside structure. No sweeps detected.
2026-03-03 10:35:42 [DEBUG] Process Error on NZDUSD: 'AnalysisResponse' object has no attribute 'trend'
2026-03-03 10:35:42 [DEBUG] [XAUUSD] SMC Tracker: Price ranging inside structure. No sweeps detected.
2026-03-03 10:35:42 [DEBUG] Process Error on XAUUSD: 'AnalysisResponse' object has no attribute 'trend'
2026-03-03 10:36:42 [DEBUG] [EURUSD] SMC Tracker: Bullish Liquidity Swept. Waiting for volume injection.
2026-03-03 10:36:42 [DEBUG] Process Error on EURUSD: 'AnalysisResponse' object has no attribute 'trend'
2026-03-03 10:36:42 [DEBUG] [GBPUSD] SMC Tracker: Bullish Liquidity Swept. Waiting for volume injection.
2026-03-03 10:36:42 [DEBUG] Process Error on GBPUSD: 'AnalysisResponse' object has no attribute 'trend'
2026-03-03 10:36:42 [INFO] 🔎 MTF Confluence Locked: USDJPY BUY (Conf: 96%)
2026-03-03 10:36:42 [DEBUG] Process Error on USDJPY: 'AnalysisResponse' object has no attribute 'trend'
2026-03-03 10:36:42 [INFO] 🛡️ Margin Armor Active: Cannot open USDJPY. Margin Level critically low (0.00%)
2026-03-03 10:36:42 [DEBUG] [USDCAD] SMC Tracker: Price ranging inside structure. No sweeps detected.
2026-03-03 10:36:42 [DEBUG] Process Error on USDCAD: 'AnalysisResponse' object has no attribute 'trend'
2026-03-03 10:36:42 [DEBUG] [USDCHF] SMC Tracker: Bearish Liquidity Swept. Waiting for volume injection.
2026-03-03 10:36:42 [DEBUG] Process Error on USDCHF: 'AnalysisResponse' object has no attribute 'trend'
2026-03-03 10:36:42 [DEBUG] [AUDUSD] SMC Tracker: Price ranging inside structure. No sweeps detected.
2026-03-03 10:36:42 [DEBUG] Process Error on AUDUSD: 'AnalysisResponse' object has no attribute 'trend'
2026-03-03 10:36:42 [DEBUG] [NZDUSD] SMC Tracker: Price ranging inside structure. No sweeps detected.
2026-03-03 10:36:42 [DEBUG] Process Error on NZDUSD: 'AnalysisResponse' object has no attribute 'trend'
2026-03-03 10:36:42 [DEBUG] [XAUUSD] SMC Tracker: Price ranging inside structure. No sweeps detected.
2026-03-03 10:36:42 [DEBUG] Process Error on XAUUSD: 'AnalysisResponse' object has no attribute 'trend'
2026-03-03 10:37:41 [DEBUG] [EURUSD] SMC Tracker: Bullish Liquidity Swept. Waiting for volume injection.
2026-03-03 10:37:41 [DEBUG] Process Error on EURUSD: 'AnalysisResponse' object has no attribute 'trend'
2026-03-03 10:37:41 [DEBUG] [GBPUSD] SMC Tracker: Bullish Liquidity Swept. Waiting for volume injection.
2026-03-03 10:37:41 [DEBUG] Process Error on GBPUSD: 'AnalysisResponse' object has no attribute 'trend'
2026-03-03 10:37:42 [INFO] 🔎 MTF Confluence Locked: USDJPY BUY (Conf: 96%)
2026-03-03 10:37:42 [DEBUG] Process Error on USDJPY: 'AnalysisResponse' object has no attribute 'trend'
2026-03-03 10:37:42 [INFO] 🛡️ Margin Armor Active: Cannot open USDJPY. Margin Level critically low (0.00%)
2026-03-03 10:37:42 [DEBUG] [USDCAD] SMC Tracker: Price ranging inside structure. No sweeps detected.
2026-03-03 10:37:42 [DEBUG] Process Error on USDCAD: 'AnalysisResponse' object has no attribute 'trend'
2026-03-03 10:37:42 [DEBUG] [USDCHF] SMC Tracker: Bearish Liquidity Swept. Waiting for volume injection.
2026-03-03 10:37:42 [DEBUG] Process Error on USDCHF: 'AnalysisResponse' object has no attribute 'trend'
2026-03-03 10:37:42 [DEBUG] [AUDUSD] SMC Tracker: Price ranging inside structure. No sweeps detected.
2026-03-03 10:37:42 [DEBUG] Process Error on AUDUSD: 'AnalysisResponse' object has no attribute 'trend'
2026-03-03 10:37:42 [DEBUG] [NZDUSD] SMC Tracker: Price ranging inside structure. No sweeps detected.
2026-03-03 10:37:42 [DEBUG] Process Error on NZDUSD: 'AnalysisResponse' object has no attribute 'trend'
2026-03-03 10:37:42 [DEBUG] [XAUUSD] SMC Tracker: Price ranging inside structure. No sweeps detected.
2026-03-03 10:37:42 [DEBUG] Process Error on XAUUSD: 'AnalysisResponse' object has no attribute 'trend'
2026-03-03 10:37:44 [INFO] Stopped.
2026-03-03 10:37:47 [INFO] ✅ TradeCore v51.0: Engine Active. Monitoring 8 Assets.
2026-03-03 10:38:48 [DEBUG] [EURUSD] SMC Tracker: Bullish Liquidity Swept. Waiting for volume injection.
2026-03-03 10:38:48 [DEBUG] Process Error on EURUSD: 'AnalysisResponse' object has no attribute 'trend'
2026-03-03 10:38:48 [DEBUG] [GBPUSD] SMC Tracker: Bullish Liquidity Swept. Waiting for volume injection.
2026-03-03 10:38:48 [DEBUG] Process Error on GBPUSD: 'AnalysisResponse' object has no attribute 'trend'
2026-03-03 10:38:48 [INFO] 🔎 MTF Confluence Locked: USDJPY BUY (Conf: 96%)
2026-03-03 10:38:48 [DEBUG] Process Error on USDJPY: 'AnalysisResponse' object has no attribute 'trend'
2026-03-03 10:38:48 [INFO] ❌ MT5 REJECTED PENDING USDJPY: AutoTrading disabled by client
2026-03-03 10:38:48 [DEBUG] [USDCAD] SMC Tracker: Price ranging inside structure. No sweeps detected.
2026-03-03 10:38:48 [DEBUG] Process Error on USDCAD: 'AnalysisResponse' object has no attribute 'trend'
2026-03-03 10:38:49 [DEBUG] [USDCHF] SMC Tracker: Bearish Liquidity Swept. Waiting for volume injection.
2026-03-03 10:38:49 [DEBUG] Process Error on USDCHF: 'AnalysisResponse' object has no attribute 'trend'
2026-03-03 10:38:49 [DEBUG] [AUDUSD] SMC Tracker: Price ranging inside structure. No sweeps detected.
2026-03-03 10:38:49 [DEBUG] Process Error on AUDUSD: 'AnalysisResponse' object has no attribute 'trend'
2026-03-03 10:38:49 [DEBUG] [NZDUSD] SMC Tracker: Price ranging inside structure. No sweeps detected.
2026-03-03 10:38:49 [DEBUG] Process Error on NZDUSD: 'AnalysisResponse' object has no attribute 'trend'
2026-03-03 10:38:49 [DEBUG] [XAUUSD] SMC Tracker: Price ranging inside structure. No sweeps detected.
2026-03-03 10:38:49 [DEBUG] Process Error on XAUUSD: 'AnalysisResponse' object has no attribute 'trend'
2026-03-03 10:39:49 [DEBUG] [EURUSD] SMC Tracker: Bullish Liquidity Swept. Waiting for volume injection.
2026-03-03 10:39:49 [DEBUG] Process Error on EURUSD: 'AnalysisResponse' object has no attribute 'trend'
2026-03-03 10:39:49 [DEBUG] [GBPUSD] SMC Tracker: Bullish Liquidity Swept. Waiting for volume injection.
2026-03-03 10:39:49 [DEBUG] Process Error on GBPUSD: 'AnalysisResponse' object has no attribute 'trend'
2026-03-03 10:39:49 [INFO] 🔎 MTF Confluence Locked: USDJPY BUY (Conf: 96%)
2026-03-03 10:39:49 [DEBUG] Process Error on USDJPY: 'AnalysisResponse' object has no attribute 'trend'
2026-03-03 10:39:49 [INFO] ❌ MT5 REJECTED PENDING USDJPY: AutoTrading disabled by client
2026-03-03 10:39:49 [DEBUG] [USDCAD] SMC Tracker: Price ranging inside structure. No sweeps detected.
2026-03-03 10:39:49 [DEBUG] Process Error on USDCAD: 'AnalysisResponse' object has no attribute 'trend'
2026-03-03 10:39:49 [DEBUG] [USDCHF] SMC Tracker: Bearish Liquidity Swept. Waiting for volume injection.
2026-03-03 10:39:49 [DEBUG] Process Error on USDCHF: 'AnalysisResponse' object has no attribute 'trend'
2026-03-03 10:39:49 [DEBUG] [AUDUSD] SMC Tracker: Price ranging inside structure. No sweeps detected.
2026-03-03 10:39:49 [DEBUG] Process Error on AUDUSD: 'AnalysisResponse' object has no attribute 'trend'
2026-03-03 10:39:49 [DEBUG] [NZDUSD] SMC Tracker: Price ranging inside structure. No sweeps detected.
2026-03-03 10:39:49 [DEBUG] Process Error on NZDUSD: 'AnalysisResponse' object has no attribute 'trend'
2026-03-03 10:39:49 [DEBUG] [XAUUSD] SMC Tracker: Price ranging inside structure. No sweeps detected.
2026-03-03 10:39:49 [DEBUG] Process Error on XAUUSD: 'AnalysisResponse' object has no attribute 'trend'
2026-03-03 10:40:48 [DEBUG] [EURUSD] SMC Tracker: Bullish Liquidity Swept. Waiting for volume injection.
2026-03-03 10:40:48 [DEBUG] Process Error on EURUSD: 'AnalysisResponse' object has no attribute 'trend'
2026-03-03 10:40:48 [DEBUG] [GBPUSD] SMC Tracker: Bullish Liquidity Swept. Waiting for volume injection.
2026-03-03 10:40:48 [DEBUG] Process Error on GBPUSD: 'AnalysisResponse' object has no attribute 'trend'
2026-03-03 10:40:48 [INFO] 🔎 MTF Confluence Locked: USDJPY BUY (Conf: 96%)
2026-03-03 10:40:48 [DEBUG] Process Error on USDJPY: 'AnalysisResponse' object has no attribute 'trend'
2026-03-03 10:40:48 [INFO] ❌ MT5 REJECTED PENDING USDJPY: AutoTrading disabled by client
2026-03-03 10:40:48 [DEBUG] [USDCAD] SMC Tracker: Price ranging inside structure. No sweeps detected.
2026-03-03 10:40:48 [DEBUG] Process Error on USDCAD: 'AnalysisResponse' object has no attribute 'trend'
2026-03-03 10:40:48 [DEBUG] [USDCHF] SMC Tracker: Bearish Liquidity Swept. Waiting for volume injection.
2026-03-03 10:40:48 [DEBUG] Process Error on USDCHF: 'AnalysisResponse' object has no attribute 'trend'
2026-03-03 10:40:48 [DEBUG] [AUDUSD] SMC Tracker: Price ranging inside structure. No sweeps detected.
2026-03-03 10:40:48 [DEBUG] Process Error on AUDUSD: 'AnalysisResponse' object has no attribute 'trend'
2026-03-03 10:40:48 [DEBUG] [NZDUSD] SMC Tracker: Price ranging inside structure. No sweeps detected.
2026-03-03 10:40:48 [DEBUG] Process Error on NZDUSD: 'AnalysisResponse' object has no attribute 'trend'
2026-03-03 10:40:48 [DEBUG] [XAUUSD] SMC Tracker: Price ranging inside structure. No sweeps detected.
2026-03-03 10:40:48 [DEBUG] Process Error on XAUUSD: 'AnalysisResponse' object has no attribute 'trend'
2026-03-03 10:41:48 [DEBUG] [EURUSD] SMC Tracker: Bullish Liquidity Swept. Waiting for volume injection.
2026-03-03 10:41:48 [DEBUG] Process Error on EURUSD: 'AnalysisResponse' object has no attribute 'trend'
2026-03-03 10:41:48 [DEBUG] [GBPUSD] SMC Tracker: Bullish Liquidity Swept. Waiting for volume injection.
2026-03-03 10:41:48 [DEBUG] Process Error on GBPUSD: 'AnalysisResponse' object has no attribute 'trend'
2026-03-03 10:41:48 [INFO] 🔎 MTF Confluence Locked: USDJPY BUY (Conf: 96%)
2026-03-03 10:41:48 [DEBUG] Process Error on USDJPY: 'AnalysisResponse' object has no attribute 'trend'
2026-03-03 10:41:48 [INFO] ❌ MT5 REJECTED PENDING USDJPY: AutoTrading disabled by client
2026-03-03 10:41:48 [DEBUG] [USDCAD] SMC Tracker: Price ranging inside structure. No sweeps detected.
2026-03-03 10:41:48 [DEBUG] Process Error on USDCAD: 'AnalysisResponse' object has no attribute 'trend'
2026-03-03 10:41:48 [DEBUG] [USDCHF] SMC Tracker: Bearish Liquidity Swept. Waiting for volume injection.
2026-03-03 10:41:48 [DEBUG] Process Error on USDCHF: 'AnalysisResponse' object has no attribute 'trend'
2026-03-03 10:41:48 [DEBUG] [AUDUSD] SMC Tracker: Price ranging inside structure. No sweeps detected.
2026-03-03 10:41:48 [DEBUG] Process Error on AUDUSD: 'AnalysisResponse' object has no attribute 'trend'
2026-03-03 10:41:48 [DEBUG] [NZDUSD] SMC Tracker: Price ranging inside structure. No sweeps detected.
2026-03-03 10:41:48 [DEBUG] Process Error on NZDUSD: 'AnalysisResponse' object has no attribute 'trend'
2026-03-03 10:41:48 [DEBUG] [XAUUSD] SMC Tracker: Price ranging inside structure. No sweeps detected.
2026-03-03 10:41:48 [DEBUG] Process Error on XAUUSD: 'AnalysisResponse' object has no attribute 'trend'
2026-03-03 10:42:48 [DEBUG] [EURUSD] SMC Tracker: Bullish Liquidity Swept. Waiting for volume injection.
2026-03-03 10:42:48 [DEBUG] Process Error on EURUSD: 'AnalysisResponse' object has no attribute 'trend'
2026-03-03 10:42:48 [DEBUG] [GBPUSD] SMC Tracker: Bullish Liquidity Swept. Waiting for volume injection.
2026-03-03 10:42:48 [DEBUG] Process Error on GBPUSD: 'AnalysisResponse' object has no attribute 'trend'
2026-03-03 10:42:48 [INFO] 🔎 MTF Confluence Locked: USDJPY BUY (Conf: 96%)
2026-03-03 10:42:48 [DEBUG] Process Error on USDJPY: 'AnalysisResponse' object has no attribute 'trend'
2026-03-03 10:42:48 [INFO] 🕸️ SMC TRAP SET: USDJPY BUY_LIMIT | Limit: 157.306 | Lot: 1.04
2026-03-03 10:42:48 [DEBUG] [USDCAD] SMC Tracker: Price ranging inside structure. No sweeps detected.
2026-03-03 10:42:48 [DEBUG] Process Error on USDCAD: 'AnalysisResponse' object has no attribute 'trend'
2026-03-03 10:42:48 [DEBUG] [USDCHF] SMC Tracker: Bearish Liquidity Swept. Waiting for volume injection.
2026-03-03 10:42:48 [DEBUG] Process Error on USDCHF: 'AnalysisResponse' object has no attribute 'trend'
2026-03-03 10:42:48 [DEBUG] [AUDUSD] SMC Tracker: Price ranging inside structure. No sweeps detected.
2026-03-03 10:42:48 [DEBUG] Process Error on AUDUSD: 'AnalysisResponse' object has no attribute 'trend'
2026-03-03 10:42:48 [DEBUG] [NZDUSD] SMC Tracker: Price ranging inside structure. No sweeps detected.
2026-03-03 10:42:48 [DEBUG] Process Error on NZDUSD: 'AnalysisResponse' object has no attribute 'trend'
2026-03-03 10:42:48 [DEBUG] [XAUUSD] SMC Tracker: Price ranging inside structure. No sweeps detected.
2026-03-03 10:42:48 [DEBUG] Process Error on XAUUSD: 'AnalysisResponse' object has no attribute 'trend'
2026-03-03 10:43:48 [DEBUG] [EURUSD] SMC Tracker: Bullish Liquidity Swept. Waiting for volume injection.
2026-03-03 10:43:48 [DEBUG] Process Error on EURUSD: 'AnalysisResponse' object has no attribute 'trend'
2026-03-03 10:43:48 [DEBUG] [GBPUSD] SMC Tracker: Bullish Liquidity Swept. Waiting for volume injection.
2026-03-03 10:43:48 [DEBUG] Process Error on GBPUSD: 'AnalysisResponse' object has no attribute 'trend'
2026-03-03 10:43:48 [INFO] 🔎 MTF Confluence Locked: USDJPY BUY (Conf: 96%)
2026-03-03 10:43:48 [DEBUG] Process Error on USDJPY: 'AnalysisResponse' object has no attribute 'trend'
2026-03-03 10:43:48 [INFO] 🕸️ SMC TRAP SET: USDJPY BUY_LIMIT | Limit: 157.306 | Lot: 1.04
2026-03-03 10:43:48 [DEBUG] [USDCAD] SMC Tracker: Price ranging inside structure. No sweeps detected.
2026-03-03 10:43:48 [DEBUG] Process Error on USDCAD: 'AnalysisResponse' object has no attribute 'trend'
2026-03-03 10:43:48 [DEBUG] [USDCHF] SMC Tracker: Bearish Liquidity Swept. Waiting for volume injection.
2026-03-03 10:43:48 [DEBUG] Process Error on USDCHF: 'AnalysisResponse' object has no attribute 'trend'
2026-03-03 10:43:48 [DEBUG] [AUDUSD] SMC Tracker: Price ranging inside structure. No sweeps detected.
2026-03-03 10:43:48 [DEBUG] Process Error on AUDUSD: 'AnalysisResponse' object has no attribute 'trend'
2026-03-03 10:43:48 [DEBUG] [NZDUSD] SMC Tracker: Price ranging inside structure. No sweeps detected.
2026-03-03 10:43:48 [DEBUG] Process Error on NZDUSD: 'AnalysisResponse' object has no attribute 'trend'
2026-03-03 10:43:48 [DEBUG] [XAUUSD] SMC Tracker: Price ranging inside structure. No sweeps detected.
2026-03-03 10:43:48 [DEBUG] Process Error on XAUUSD: 'AnalysisResponse' object has no attribute 'trend'
2026-03-03 10:44:48 [DEBUG] [EURUSD] SMC Tracker: Bullish Liquidity Swept. Waiting for volume injection.
2026-03-03 10:44:48 [DEBUG] Process Error on EURUSD: 'AnalysisResponse' object has no attribute 'trend'
2026-03-03 10:44:48 [DEBUG] [GBPUSD] SMC Tracker: Bullish Liquidity Swept. Waiting for volume injection.
2026-03-03 10:44:48 [DEBUG] Process Error on GBPUSD: 'AnalysisResponse' object has no attribute 'trend'
2026-03-03 10:44:48 [INFO] 🔎 MTF Confluence Locked: USDJPY BUY (Conf: 96%)
2026-03-03 10:44:48 [DEBUG] Process Error on USDJPY: 'AnalysisResponse' object has no attribute 'trend'
2026-03-03 10:44:48 [INFO] 🕸️ SMC TRAP SET: USDJPY BUY_LIMIT | Limit: 157.306 | Lot: 1.04
2026-03-03 10:44:48 [DEBUG] [USDCAD] SMC Tracker: Price ranging inside structure. No sweeps detected.
2026-03-03 10:44:48 [DEBUG] Process Error on USDCAD: 'AnalysisResponse' object has no attribute 'trend'
2026-03-03 10:44:48 [DEBUG] [USDCHF] SMC Tracker: Bearish Liquidity Swept. Waiting for volume injection.
2026-03-03 10:44:48 [DEBUG] Process Error on USDCHF: 'AnalysisResponse' object has no attribute 'trend'
2026-03-03 10:44:48 [DEBUG] [AUDUSD] SMC Tracker: Price ranging inside structure. No sweeps detected.
2026-03-03 10:44:48 [DEBUG] Process Error on AUDUSD: 'AnalysisResponse' object has no attribute 'trend'
2026-03-03 10:44:48 [DEBUG] [NZDUSD] SMC Tracker: Price ranging inside structure. No sweeps detected.
2026-03-03 10:44:48 [DEBUG] Process Error on NZDUSD: 'AnalysisResponse' object has no attribute 'trend'
2026-03-03 10:44:48 [DEBUG] [XAUUSD] SMC Tracker: Price ranging inside structure. No sweeps detected.
2026-03-03 10:44:48 [DEBUG] Process Error on XAUUSD: 'AnalysisResponse' object has no attribute 'trend'
2026-03-03 10:45:48 [DEBUG] [EURUSD] SMC Tracker: Bullish Liquidity Swept. Waiting for volume injection.
2026-03-03 10:45:48 [DEBUG] Process Error on EURUSD: 'AnalysisResponse' object has no attribute 'trend'
2026-03-03 10:45:48 [DEBUG] [GBPUSD] SMC Tracker: Bullish Liquidity Swept. Waiting for volume injection.
2026-03-03 10:45:48 [DEBUG] Process Error on GBPUSD: 'AnalysisResponse' object has no attribute 'trend'
2026-03-03 10:45:48 [DEBUG] [USDJPY] SMC Tracker: Price ranging inside structure. No sweeps detected.
2026-03-03 10:45:48 [DEBUG] Process Error on USDJPY: 'AnalysisResponse' object has no attribute 'trend'
2026-03-03 10:45:48 [DEBUG] [USDCAD] SMC Tracker: Price ranging inside structure. No sweeps detected.
2026-03-03 10:45:48 [DEBUG] Process Error on USDCAD: 'AnalysisResponse' object has no attribute 'trend'
2026-03-03 10:45:48 [DEBUG] [USDCHF] SMC Tracker: Bearish Liquidity Swept. Waiting for volume injection.
2026-03-03 10:45:48 [DEBUG] Process Error on USDCHF: 'AnalysisResponse' object has no attribute 'trend'
2026-03-03 10:45:48 [DEBUG] [AUDUSD] SMC Tracker: Price ranging inside structure. No sweeps detected.
2026-03-03 10:45:48 [DEBUG] Process Error on AUDUSD: 'AnalysisResponse' object has no attribute 'trend'
2026-03-03 10:45:48 [DEBUG] [NZDUSD] SMC Tracker: Price ranging inside structure. No sweeps detected.
2026-03-03 10:45:48 [DEBUG] Process Error on NZDUSD: 'AnalysisResponse' object has no attribute 'trend'
2026-03-03 10:45:48 [DEBUG] [XAUUSD] SMC Tracker: Price ranging inside structure. No sweeps detected.
2026-03-03 10:45:48 [DEBUG] Process Error on XAUUSD: 'AnalysisResponse' object has no attribute 'trend'
2026-03-03 10:46:48 [DEBUG] [EURUSD] SMC Tracker: Bullish Liquidity Swept. Waiting for volume injection.
2026-03-03 10:46:48 [DEBUG] Process Error on EURUSD: 'AnalysisResponse' object has no attribute 'trend'
2026-03-03 10:46:48 [DEBUG] [GBPUSD] SMC Tracker: Bullish Liquidity Swept. Waiting for volume injection.
2026-03-03 10:46:48 [DEBUG] Process Error on GBPUSD: 'AnalysisResponse' object has no attribute 'trend'
2026-03-03 10:46:48 [DEBUG] [USDJPY] SMC Tracker: Price ranging inside structure. No sweeps detected.
2026-03-03 10:46:48 [DEBUG] Process Error on USDJPY: 'AnalysisResponse' object has no attribute 'trend'
2026-03-03 10:46:48 [DEBUG] [USDCAD] SMC Tracker: Price ranging inside structure. No sweeps detected.
2026-03-03 10:46:48 [DEBUG] Process Error on USDCAD: 'AnalysisResponse' object has no attribute 'trend'
2026-03-03 10:46:48 [DEBUG] [USDCHF] SMC Tracker: Bearish Liquidity Swept. Waiting for volume injection.
2026-03-03 10:46:48 [DEBUG] Process Error on USDCHF: 'AnalysisResponse' object has no attribute 'trend'
2026-03-03 10:46:48 [DEBUG] [AUDUSD] SMC Tracker: Price ranging inside structure. No sweeps detected.
2026-03-03 10:46:48 [DEBUG] Process Error on AUDUSD: 'AnalysisResponse' object has no attribute 'trend'
2026-03-03 10:46:48 [DEBUG] [NZDUSD] SMC Tracker: Price ranging inside structure. No sweeps detected.
2026-03-03 10:46:48 [DEBUG] Process Error on NZDUSD: 'AnalysisResponse' object has no attribute 'trend'
2026-03-03 10:46:48 [DEBUG] [XAUUSD] SMC Tracker: Price ranging inside structure. No sweeps detected.
2026-03-03 10:46:48 [DEBUG] Process Error on XAUUSD: 'AnalysisResponse' object has no attribute 'trend'
2026-03-03 10:47:48 [DEBUG] [EURUSD] SMC Tracker: Bullish Liquidity Swept. Waiting for volume injection.
2026-03-03 10:47:48 [DEBUG] Process Error on EURUSD: 'AnalysisResponse' object has no attribute 'trend'
2026-03-03 10:47:48 [DEBUG] [GBPUSD] SMC Tracker: Bullish Liquidity Swept. Waiting for volume injection.
2026-03-03 10:47:48 [DEBUG] Process Error on GBPUSD: 'AnalysisResponse' object has no attribute 'trend'
2026-03-03 10:47:48 [DEBUG] [USDJPY] SMC Tracker: Price ranging inside structure. No sweeps detected.
2026-03-03 10:47:48 [DEBUG] Process Error on USDJPY: 'AnalysisResponse' object has no attribute 'trend'
2026-03-03 10:47:48 [DEBUG] [USDCAD] SMC Tracker: Price ranging inside structure. No sweeps detected.
2026-03-03 10:47:48 [DEBUG] Process Error on USDCAD: 'AnalysisResponse' object has no attribute 'trend'
2026-03-03 10:47:48 [DEBUG] [USDCHF] SMC Tracker: Bearish Liquidity Swept. Waiting for volume injection.
2026-03-03 10:47:48 [DEBUG] Process Error on USDCHF: 'AnalysisResponse' object has no attribute 'trend'
2026-03-03 10:47:48 [DEBUG] [AUDUSD] SMC Tracker: Price ranging inside structure. No sweeps detected.
2026-03-03 10:47:48 [DEBUG] Process Error on AUDUSD: 'AnalysisResponse' object has no attribute 'trend'
2026-03-03 10:47:48 [DEBUG] [NZDUSD] SMC Tracker: Price ranging inside structure. No sweeps detected.
2026-03-03 10:47:48 [DEBUG] Process Error on NZDUSD: 'AnalysisResponse' object has no attribute 'trend'
2026-03-03 10:47:48 [DEBUG] [XAUUSD] SMC Tracker: Price ranging inside structure. No sweeps detected.
2026-03-03 10:47:48 [DEBUG] Process Error on XAUUSD: 'AnalysisResponse' object has no attribute 'trend'
2026-03-03 10:48:30 [INFO] Stopped.
2026-03-03 10:48:32 [INFO] ✅ TradeCore v51.0: Engine Active. Monitoring 8 Assets.
2026-03-03 10:49:33 [DEBUG] [EURUSD] SMC Tracker: Bullish Liquidity Swept. Waiting for volume injection.
2026-03-03 10:49:33 [DEBUG] Process Error on EURUSD: 'AnalysisResponse' object has no attribute 'trend'
2026-03-03 10:49:33 [DEBUG] [GBPUSD] SMC Tracker: Bullish Liquidity Swept. Waiting for volume injection.
2026-03-03 10:49:33 [DEBUG] Process Error on GBPUSD: 'AnalysisResponse' object has no attribute 'trend'
2026-03-03 10:49:33 [DEBUG] [USDCAD] SMC Tracker: Price ranging inside structure. No sweeps detected.
2026-03-03 10:49:33 [DEBUG] Process Error on USDCAD: 'AnalysisResponse' object has no attribute 'trend'
2026-03-03 10:49:33 [DEBUG] [USDCHF] SMC Tracker: Bearish Liquidity Swept. Waiting for volume injection.
2026-03-03 10:49:33 [DEBUG] Process Error on USDCHF: 'AnalysisResponse' object has no attribute 'trend'
2026-03-03 10:49:33 [DEBUG] [AUDUSD] SMC Tracker: Price ranging inside structure. No sweeps detected.
2026-03-03 10:49:33 [DEBUG] Process Error on AUDUSD: 'AnalysisResponse' object has no attribute 'trend'
2026-03-03 10:49:33 [DEBUG] [NZDUSD] SMC Tracker: Price ranging inside structure. No sweeps detected.
2026-03-03 10:49:33 [DEBUG] Process Error on NZDUSD: 'AnalysisResponse' object has no attribute 'trend'
2026-03-03 10:49:33 [DEBUG] [XAUUSD] SMC Tracker: Price ranging inside structure. No sweeps detected.
2026-03-03 10:49:33 [DEBUG] Process Error on XAUUSD: 'AnalysisResponse' object has no attribute 'trend'
2026-03-03 10:50:33 [DEBUG] [EURUSD] SMC Tracker: Bullish Liquidity Swept. Waiting for volume injection.
2026-03-03 10:50:33 [DEBUG] Process Error on EURUSD: 'AnalysisResponse' object has no attribute 'trend'
2026-03-03 10:50:33 [DEBUG] [GBPUSD] SMC Tracker: Bullish Liquidity Swept. Waiting for volume injection.
2026-03-03 10:50:33 [DEBUG] Process Error on GBPUSD: 'AnalysisResponse' object has no attribute 'trend'
2026-03-03 10:50:33 [DEBUG] [USDCAD] SMC Tracker: Price ranging inside structure. No sweeps detected.
2026-03-03 10:50:33 [DEBUG] Process Error on USDCAD: 'AnalysisResponse' object has no attribute 'trend'
2026-03-03 10:50:33 [DEBUG] [USDCHF] SMC Tracker: Bearish Liquidity Swept. Waiting for volume injection.
2026-03-03 10:50:33 [DEBUG] Process Error on USDCHF: 'AnalysisResponse' object has no attribute 'trend'
2026-03-03 10:50:33 [DEBUG] [AUDUSD] SMC Tracker: Price ranging inside structure. No sweeps detected.
2026-03-03 10:50:33 [DEBUG] Process Error on AUDUSD: 'AnalysisResponse' object has no attribute 'trend'
2026-03-03 10:50:33 [DEBUG] [NZDUSD] SMC Tracker: Price ranging inside structure. No sweeps detected.
2026-03-03 10:50:33 [DEBUG] Process Error on NZDUSD: 'AnalysisResponse' object has no attribute 'trend'
2026-03-03 10:50:33 [DEBUG] [XAUUSD] SMC Tracker: Price ranging inside structure. No sweeps detected.
2026-03-03 10:50:33 [DEBUG] Process Error on XAUUSD: 'AnalysisResponse' object has no attribute 'trend'
2026-03-03 10:51:33 [DEBUG] [EURUSD] SMC Tracker: Bullish Liquidity Swept. Waiting for volume injection.
2026-03-03 10:51:33 [DEBUG] Process Error on EURUSD: 'AnalysisResponse' object has no attribute 'trend'
2026-03-03 10:51:33 [DEBUG] [GBPUSD] SMC Tracker: Bullish Liquidity Swept. Waiting for volume injection.
2026-03-03 10:51:33 [DEBUG] Process Error on GBPUSD: 'AnalysisResponse' object has no attribute 'trend'
2026-03-03 10:51:33 [DEBUG] [USDCAD] SMC Tracker: Price ranging inside structure. No sweeps detected.
2026-03-03 10:51:33 [DEBUG] Process Error on USDCAD: 'AnalysisResponse' object has no attribute 'trend'
2026-03-03 10:51:33 [DEBUG] [USDCHF] SMC Tracker: Bearish Liquidity Swept. Waiting for volume injection.
2026-03-03 10:51:33 [DEBUG] Process Error on USDCHF: 'AnalysisResponse' object has no attribute 'trend'
2026-03-03 10:51:33 [DEBUG] [AUDUSD] SMC Tracker: Price ranging inside structure. No sweeps detected.
2026-03-03 10:51:33 [DEBUG] Process Error on AUDUSD: 'AnalysisResponse' object has no attribute 'trend'
2026-03-03 10:51:33 [DEBUG] [NZDUSD] SMC Tracker: Price ranging inside structure. No sweeps detected.
2026-03-03 10:51:33 [DEBUG] Process Error on NZDUSD: 'AnalysisResponse' object has no attribute 'trend'
2026-03-03 10:51:33 [DEBUG] [XAUUSD] SMC Tracker: Price ranging inside structure. No sweeps detected.
2026-03-03 10:51:33 [DEBUG] Process Error on XAUUSD: 'AnalysisResponse' object has no attribute 'trend'
2026-03-03 10:52:33 [DEBUG] [EURUSD] SMC Tracker: Bullish Liquidity Swept. Waiting for volume injection.
2026-03-03 10:52:33 [DEBUG] Process Error on EURUSD: 'AnalysisResponse' object has no attribute 'trend'
2026-03-03 10:52:33 [DEBUG] [GBPUSD] SMC Tracker: Bullish Liquidity Swept. Waiting for volume injection.
2026-03-03 10:52:33 [DEBUG] Process Error on GBPUSD: 'AnalysisResponse' object has no attribute 'trend'
2026-03-03 10:52:33 [DEBUG] [USDCAD] SMC Tracker: Price ranging inside structure. No sweeps detected.
2026-03-03 10:52:33 [DEBUG] Process Error on USDCAD: 'AnalysisResponse' object has no attribute 'trend'
2026-03-03 10:52:33 [DEBUG] [USDCHF] SMC Tracker: Bearish Liquidity Swept. Waiting for volume injection.
2026-03-03 10:52:33 [DEBUG] Process Error on USDCHF: 'AnalysisResponse' object has no attribute 'trend'
2026-03-03 10:52:33 [DEBUG] [AUDUSD] SMC Tracker: Price ranging inside structure. No sweeps detected.
2026-03-03 10:52:33 [DEBUG] Process Error on AUDUSD: 'AnalysisResponse' object has no attribute 'trend'
2026-03-03 10:52:33 [DEBUG] [NZDUSD] SMC Tracker: Price ranging inside structure. No sweeps detected.
2026-03-03 10:52:33 [DEBUG] Process Error on NZDUSD: 'AnalysisResponse' object has no attribute 'trend'
2026-03-03 10:52:34 [DEBUG] [XAUUSD] SMC Tracker: Price ranging inside structure. No sweeps detected.
2026-03-03 10:52:34 [DEBUG] Process Error on XAUUSD: 'AnalysisResponse' object has no attribute 'trend'
2026-03-03 10:53:33 [DEBUG] [EURUSD] SMC Tracker: Bullish Liquidity Swept. Waiting for volume injection.
2026-03-03 10:53:33 [DEBUG] Process Error on EURUSD: 'AnalysisResponse' object has no attribute 'trend'
2026-03-03 10:53:33 [DEBUG] [GBPUSD] SMC Tracker: Bullish Liquidity Swept. Waiting for volume injection.
2026-03-03 10:53:33 [DEBUG] Process Error on GBPUSD: 'AnalysisResponse' object has no attribute 'trend'
2026-03-03 10:53:33 [DEBUG] [USDCAD] SMC Tracker: Price ranging inside structure. No sweeps detected.
2026-03-03 10:53:33 [DEBUG] Process Error on USDCAD: 'AnalysisResponse' object has no attribute 'trend'
2026-03-03 10:53:33 [DEBUG] [USDCHF] SMC Tracker: Bearish Liquidity Swept. Waiting for volume injection.
2026-03-03 10:53:33 [DEBUG] Process Error on USDCHF: 'AnalysisResponse' object has no attribute 'trend'
2026-03-03 10:53:33 [DEBUG] [AUDUSD] SMC Tracker: Price ranging inside structure. No sweeps detected.
2026-03-03 10:53:33 [DEBUG] Process Error on AUDUSD: 'AnalysisResponse' object has no attribute 'trend'
2026-03-03 10:53:33 [DEBUG] [NZDUSD] SMC Tracker: Price ranging inside structure. No sweeps detected.
2026-03-03 10:53:33 [DEBUG] Process Error on NZDUSD: 'AnalysisResponse' object has no attribute 'trend'
2026-03-03 10:53:33 [DEBUG] [XAUUSD] SMC Tracker: Price ranging inside structure. No sweeps detected.
2026-03-03 10:53:33 [DEBUG] Process Error on XAUUSD: 'AnalysisResponse' object has no attribute 'trend'
2026-03-03 10:54:33 [DEBUG] [EURUSD] SMC Tracker: Bullish Liquidity Swept. Waiting for volume injection.
2026-03-03 10:54:33 [DEBUG] Process Error on EURUSD: 'AnalysisResponse' object has no attribute 'trend'
2026-03-03 10:54:33 [DEBUG] [GBPUSD] SMC Tracker: Bullish Liquidity Swept. Waiting for volume injection.
2026-03-03 10:54:33 [DEBUG] Process Error on GBPUSD: 'AnalysisResponse' object has no attribute 'trend'
2026-03-03 10:54:33 [DEBUG] [USDCAD] SMC Tracker: Price ranging inside structure. No sweeps detected.
2026-03-03 10:54:33 [DEBUG] Process Error on USDCAD: 'AnalysisResponse' object has no attribute 'trend'
2026-03-03 10:54:33 [DEBUG] [USDCHF] SMC Tracker: Bearish Liquidity Swept. Waiting for volume injection.
2026-03-03 10:54:33 [DEBUG] Process Error on USDCHF: 'AnalysisResponse' object has no attribute 'trend'
2026-03-03 10:54:33 [DEBUG] [AUDUSD] SMC Tracker: Price ranging inside structure. No sweeps detected.
2026-03-03 10:54:33 [DEBUG] Process Error on AUDUSD: 'AnalysisResponse' object has no attribute 'trend'
2026-03-03 10:54:33 [DEBUG] [NZDUSD] SMC Tracker: Price ranging inside structure. No sweeps detected.
2026-03-03 10:54:33 [DEBUG] Process Error on NZDUSD: 'AnalysisResponse' object has no attribute 'trend'
2026-03-03 10:54:33 [DEBUG] [XAUUSD] SMC Tracker: Price ranging inside structure. No sweeps detected.
2026-03-03 10:54:33 [DEBUG] Process Error on XAUUSD: 'AnalysisResponse' object has no attribute 'trend'
2026-03-03 10:55:23 [INFO] 📩 Received Command: /status
2026-03-03 10:55:33 [DEBUG] [EURUSD] SMC Tracker: Bullish Liquidity Swept. Waiting for volume injection.
2026-03-03 10:55:33 [DEBUG] Process Error on EURUSD: 'AnalysisResponse' object has no attribute 'trend'
2026-03-03 10:55:33 [DEBUG] [GBPUSD] SMC Tracker: Bullish Liquidity Swept. Waiting for volume injection.
2026-03-03 10:55:33 [DEBUG] Process Error on GBPUSD: 'AnalysisResponse' object has no attribute 'trend'
2026-03-03 10:55:33 [DEBUG] [USDCAD] SMC Tracker: Price ranging inside structure. No sweeps detected.
2026-03-03 10:55:33 [DEBUG] Process Error on USDCAD: 'AnalysisResponse' object has no attribute 'trend'
2026-03-03 10:55:33 [DEBUG] [USDCHF] SMC Tracker: Bearish Liquidity Swept. Waiting for volume injection.
2026-03-03 10:55:33 [DEBUG] Process Error on USDCHF: 'AnalysisResponse' object has no attribute 'trend'
2026-03-03 10:55:33 [DEBUG] [AUDUSD] SMC Tracker: Price ranging inside structure. No sweeps detected.
2026-03-03 10:55:33 [DEBUG] Process Error on AUDUSD: 'AnalysisResponse' object has no attribute 'trend'
2026-03-03 10:55:33 [DEBUG] [NZDUSD] SMC Tracker: Price ranging inside structure. No sweeps detected.
2026-03-03 10:55:33 [DEBUG] Process Error on NZDUSD: 'AnalysisResponse' object has no attribute 'trend'
2026-03-03 10:55:33 [DEBUG] [XAUUSD] SMC Tracker: Price ranging inside structure. No sweeps detected.
2026-03-03 10:55:33 [DEBUG] Process Error on XAUUSD: 'AnalysisResponse' object has no attribute 'trend'
2026-03-03 10:56:33 [DEBUG] [EURUSD] SMC Tracker: Bullish Liquidity Swept. Waiting for volume injection.
2026-03-03 10:56:33 [DEBUG] Process Error on EURUSD: 'AnalysisResponse' object has no attribute 'trend'
2026-03-03 10:56:33 [DEBUG] [GBPUSD] SMC Tracker: Bullish Liquidity Swept. Waiting for volume injection.
2026-03-03 10:56:33 [DEBUG] Process Error on GBPUSD: 'AnalysisResponse' object has no attribute 'trend'
2026-03-03 10:56:33 [DEBUG] [USDCAD] SMC Tracker: Price ranging inside structure. No sweeps detected.
2026-03-03 10:56:33 [DEBUG] Process Error on USDCAD: 'AnalysisResponse' object has no attribute 'trend'
2026-03-03 10:56:33 [DEBUG] [USDCHF] SMC Tracker: Bearish Liquidity Swept. Waiting for volume injection.
2026-03-03 10:56:33 [DEBUG] Process Error on USDCHF: 'AnalysisResponse' object has no attribute 'trend'
2026-03-03 10:56:33 [DEBUG] [AUDUSD] SMC Tracker: Price ranging inside structure. No sweeps detected.
2026-03-03 10:56:33 [DEBUG] Process Error on AUDUSD: 'AnalysisResponse' object has no attribute 'trend'
2026-03-03 10:56:33 [DEBUG] [NZDUSD] SMC Tracker: Price ranging inside structure. No sweeps detected.
2026-03-03 10:56:33 [DEBUG] Process Error on NZDUSD: 'AnalysisResponse' object has no attribute 'trend'
2026-03-03 10:56:33 [DEBUG] [XAUUSD] SMC Tracker: Price ranging inside structure. No sweeps detected.
2026-03-03 10:56:33 [DEBUG] Process Error on XAUUSD: 'AnalysisResponse' object has no attribute 'trend'
2026-03-03 10:57:33 [DEBUG] [EURUSD] SMC Tracker: Bullish Liquidity Swept. Waiting for volume injection.
2026-03-03 10:57:33 [DEBUG] Process Error on EURUSD: 'AnalysisResponse' object has no attribute 'trend'
2026-03-03 10:57:33 [DEBUG] [GBPUSD] SMC Tracker: Bullish Liquidity Swept. Waiting for volume injection.
2026-03-03 10:57:33 [DEBUG] Process Error on GBPUSD: 'AnalysisResponse' object has no attribute 'trend'
2026-03-03 10:57:33 [DEBUG] [USDCAD] SMC Tracker: Price ranging inside structure. No sweeps detected.
2026-03-03 10:57:33 [DEBUG] Process Error on USDCAD: 'AnalysisResponse' object has no attribute 'trend'
2026-03-03 10:57:33 [DEBUG] [USDCHF] SMC Tracker: Bearish Liquidity Swept. Waiting for volume injection.
2026-03-03 10:57:33 [DEBUG] Process Error on USDCHF: 'AnalysisResponse' object has no attribute 'trend'
2026-03-03 10:57:33 [DEBUG] [AUDUSD] SMC Tracker: Price ranging inside structure. No sweeps detected.
2026-03-03 10:57:33 [DEBUG] Process Error on AUDUSD: 'AnalysisResponse' object has no attribute 'trend'
2026-03-03 10:57:33 [DEBUG] [NZDUSD] SMC Tracker: Price ranging inside structure. No sweeps detected.
2026-03-03 10:57:33 [DEBUG] Process Error on NZDUSD: 'AnalysisResponse' object has no attribute 'trend'
2026-03-03 10:57:33 [DEBUG] [XAUUSD] SMC Tracker: Price ranging inside structure. No sweeps detected.
2026-03-03 10:57:33 [DEBUG] Process Error on XAUUSD: 'AnalysisResponse' object has no attribute 'trend'
2026-03-03 10:58:33 [DEBUG] [EURUSD] SMC Tracker: Bullish Liquidity Swept. Waiting for volume injection.
2026-03-03 10:58:33 [DEBUG] Process Error on EURUSD: 'AnalysisResponse' object has no attribute 'trend'
2026-03-03 10:58:33 [DEBUG] [GBPUSD] SMC Tracker: Bullish Liquidity Swept. Waiting for volume injection.
2026-03-03 10:58:33 [DEBUG] Process Error on GBPUSD: 'AnalysisResponse' object has no attribute 'trend'
2026-03-03 10:58:33 [DEBUG] [USDCAD] SMC Tracker: Price ranging inside structure. No sweeps detected.
2026-03-03 10:58:33 [DEBUG] Process Error on USDCAD: 'AnalysisResponse' object has no attribute 'trend'
2026-03-03 10:58:33 [DEBUG] [USDCHF] SMC Tracker: Bearish Liquidity Swept. Waiting for volume injection.
2026-03-03 10:58:33 [DEBUG] Process Error on USDCHF: 'AnalysisResponse' object has no attribute 'trend'
2026-03-03 10:58:33 [DEBUG] [AUDUSD] SMC Tracker: Price ranging inside structure. No sweeps detected.
2026-03-03 10:58:33 [DEBUG] Process Error on AUDUSD: 'AnalysisResponse' object has no attribute 'trend'
2026-03-03 10:58:33 [DEBUG] [NZDUSD] SMC Tracker: Price ranging inside structure. No sweeps detected.
2026-03-03 10:58:33 [DEBUG] Process Error on NZDUSD: 'AnalysisResponse' object has no attribute 'trend'
2026-03-03 10:58:33 [DEBUG] [XAUUSD] SMC Tracker: Price ranging inside structure. No sweeps detected.
2026-03-03 10:58:33 [DEBUG] Process Error on XAUUSD: 'AnalysisResponse' object has no attribute 'trend'
2026-03-03 10:59:33 [DEBUG] [EURUSD] SMC Tracker: Bullish Liquidity Swept. Waiting for volume injection.
2026-03-03 10:59:33 [DEBUG] Process Error on EURUSD: 'AnalysisResponse' object has no attribute 'trend'
2026-03-03 10:59:33 [DEBUG] [GBPUSD] SMC Tracker: Bullish Liquidity Swept. Waiting for volume injection.
2026-03-03 10:59:33 [DEBUG] Process Error on GBPUSD: 'AnalysisResponse' object has no attribute 'trend'
2026-03-03 10:59:33 [DEBUG] [USDCAD] SMC Tracker: Price ranging inside structure. No sweeps detected.
2026-03-03 10:59:33 [DEBUG] Process Error on USDCAD: 'AnalysisResponse' object has no attribute 'trend'
2026-03-03 10:59:33 [DEBUG] [USDCHF] SMC Tracker: Bearish Liquidity Swept. Waiting for volume injection.
2026-03-03 10:59:33 [DEBUG] Process Error on USDCHF: 'AnalysisResponse' object has no attribute 'trend'
2026-03-03 10:59:33 [DEBUG] [AUDUSD] SMC Tracker: Price ranging inside structure. No sweeps detected.
2026-03-03 10:59:33 [DEBUG] Process Error on AUDUSD: 'AnalysisResponse' object has no attribute 'trend'
2026-03-03 10:59:33 [DEBUG] [NZDUSD] SMC Tracker: Price ranging inside structure. No sweeps detected.
2026-03-03 10:59:33 [DEBUG] Process Error on NZDUSD: 'AnalysisResponse' object has no attribute 'trend'
2026-03-03 10:59:33 [DEBUG] [XAUUSD] SMC Tracker: Price ranging inside structure. No sweeps detected.
2026-03-03 10:59:33 [DEBUG] Process Error on XAUUSD: 'AnalysisResponse' object has no attribute 'trend'
2026-03-03 11:00:33 [DEBUG] [EURUSD] SMC Tracker: Bullish Liquidity Swept. Waiting for volume injection.
2026-03-03 11:00:33 [DEBUG] Process Error on EURUSD: 'AnalysisResponse' object has no attribute 'trend'
2026-03-03 11:00:33 [DEBUG] [GBPUSD] SMC Tracker: Bullish Liquidity Swept. Waiting for volume injection.
2026-03-03 11:00:33 [DEBUG] Process Error on GBPUSD: 'AnalysisResponse' object has no attribute 'trend'
2026-03-03 11:00:33 [DEBUG] [USDCAD] SMC Tracker: Price ranging inside structure. No sweeps detected.
2026-03-03 11:00:33 [DEBUG] Process Error on USDCAD: 'AnalysisResponse' object has no attribute 'trend'
2026-03-03 11:00:33 [DEBUG] [USDCHF] SMC Tracker: Bearish Liquidity Swept. Waiting for volume injection.
2026-03-03 11:00:33 [DEBUG] Process Error on USDCHF: 'AnalysisResponse' object has no attribute 'trend'
2026-03-03 11:00:33 [DEBUG] [AUDUSD] SMC Tracker: Price ranging inside structure. No sweeps detected.
2026-03-03 11:00:33 [DEBUG] Process Error on AUDUSD: 'AnalysisResponse' object has no attribute 'trend'
2026-03-03 11:00:33 [DEBUG] [NZDUSD] SMC Tracker: Bullish Liquidity Swept. Waiting for volume injection.
2026-03-03 11:00:33 [DEBUG] Process Error on NZDUSD: 'AnalysisResponse' object has no attribute 'trend'
2026-03-03 11:00:33 [DEBUG] [XAUUSD] SMC Tracker: Price ranging inside structure. No sweeps detected.
2026-03-03 11:00:33 [DEBUG] Process Error on XAUUSD: 'AnalysisResponse' object has no attribute 'trend'
2026-03-03 11:00:55 [INFO] Stopped.
2026-03-03 11:00:57 [INFO] ✅ TradeCore v51.0: Engine Active. Monitoring 8 Assets.
2026-03-03 11:01:58 [DEBUG] [EURUSD] SMC Tracker: Bullish Liquidity Swept. Waiting for volume injection.
2026-03-03 11:01:58 [DEBUG] Process Error on EURUSD: 'AnalysisResponse' object has no attribute 'trend'
2026-03-03 11:01:58 [DEBUG] [GBPUSD] SMC Tracker: Bullish Liquidity Swept. Waiting for volume injection.
2026-03-03 11:01:58 [DEBUG] Process Error on GBPUSD: 'AnalysisResponse' object has no attribute 'trend'
2026-03-03 11:01:58 [DEBUG] [USDCAD] SMC Tracker: Price ranging inside structure. No sweeps detected.
2026-03-03 11:01:58 [DEBUG] Process Error on USDCAD: 'AnalysisResponse' object has no attribute 'trend'
2026-03-03 11:01:58 [DEBUG] [USDCHF] SMC Tracker: Bearish Liquidity Swept. Waiting for volume injection.
2026-03-03 11:01:58 [DEBUG] Process Error on USDCHF: 'AnalysisResponse' object has no attribute 'trend'
2026-03-03 11:01:58 [DEBUG] [AUDUSD] SMC Tracker: Price ranging inside structure. No sweeps detected.
2026-03-03 11:01:58 [DEBUG] Process Error on AUDUSD: 'AnalysisResponse' object has no attribute 'trend'
2026-03-03 11:01:58 [DEBUG] [NZDUSD] SMC Tracker: Bullish Liquidity Swept. Waiting for volume injection.
2026-03-03 11:01:58 [DEBUG] Process Error on NZDUSD: 'AnalysisResponse' object has no attribute 'trend'
2026-03-03 11:01:58 [DEBUG] [XAUUSD] SMC Tracker: Price ranging inside structure. No sweeps detected.
2026-03-03 11:01:58 [DEBUG] Process Error on XAUUSD: 'AnalysisResponse' object has no attribute 'trend'
2026-03-03 11:02:58 [DEBUG] [EURUSD] SMC Tracker: Bullish Liquidity Swept. Waiting for volume injection.
2026-03-03 11:02:58 [DEBUG] Process Error on EURUSD: 'AnalysisResponse' object has no attribute 'trend'
2026-03-03 11:02:58 [DEBUG] [GBPUSD] SMC Tracker: Bullish Liquidity Swept. Waiting for volume injection.
2026-03-03 11:02:58 [DEBUG] Process Error on GBPUSD: 'AnalysisResponse' object has no attribute 'trend'
2026-03-03 11:02:58 [DEBUG] [USDCAD] SMC Tracker: Price ranging inside structure. No sweeps detected.
2026-03-03 11:02:58 [DEBUG] Process Error on USDCAD: 'AnalysisResponse' object has no attribute 'trend'
2026-03-03 11:02:58 [DEBUG] [USDCHF] SMC Tracker: Bearish Liquidity Swept. Waiting for volume injection.
2026-03-03 11:02:58 [DEBUG] Process Error on USDCHF: 'AnalysisResponse' object has no attribute 'trend'
2026-03-03 11:02:58 [DEBUG] [AUDUSD] SMC Tracker: Price ranging inside structure. No sweeps detected.
2026-03-03 11:02:58 [DEBUG] Process Error on AUDUSD: 'AnalysisResponse' object has no attribute 'trend'
2026-03-03 11:02:58 [DEBUG] [NZDUSD] SMC Tracker: Bullish Liquidity Swept. Waiting for volume injection.
2026-03-03 11:02:58 [DEBUG] Process Error on NZDUSD: 'AnalysisResponse' object has no attribute 'trend'
2026-03-03 11:02:58 [DEBUG] [XAUUSD] SMC Tracker: Price ranging inside structure. No sweeps detected.
2026-03-03 11:02:58 [DEBUG] Process Error on XAUUSD: 'AnalysisResponse' object has no attribute 'trend'
2026-03-03 11:03:59 [INFO] 🛡️ Dynamic Profit Locked: USDJPY SL secured at 157.406
2026-03-03 11:03:59 [DEBUG] [EURUSD] SMC Tracker: Bullish Liquidity Swept. Waiting for volume injection.
2026-03-03 11:03:59 [DEBUG] Process Error on EURUSD: 'AnalysisResponse' object has no attribute 'trend'
2026-03-03 11:03:59 [DEBUG] [GBPUSD] SMC Tracker: Bullish Liquidity Swept. Waiting for volume injection.
2026-03-03 11:03:59 [DEBUG] Process Error on GBPUSD: 'AnalysisResponse' object has no attribute 'trend'
2026-03-03 11:03:59 [DEBUG] [USDCAD] SMC Tracker: Price ranging inside structure. No sweeps detected.
2026-03-03 11:03:59 [DEBUG] Process Error on USDCAD: 'AnalysisResponse' object has no attribute 'trend'
2026-03-03 11:03:59 [DEBUG] [USDCHF] SMC Tracker: Bearish Liquidity Swept. Waiting for volume injection.
2026-03-03 11:03:59 [DEBUG] Process Error on USDCHF: 'AnalysisResponse' object has no attribute 'trend'
2026-03-03 11:03:59 [DEBUG] [AUDUSD] SMC Tracker: Price ranging inside structure. No sweeps detected.
2026-03-03 11:03:59 [DEBUG] Process Error on AUDUSD: 'AnalysisResponse' object has no attribute 'trend'
2026-03-03 11:03:59 [DEBUG] [NZDUSD] SMC Tracker: Bullish Liquidity Swept. Waiting for volume injection.
2026-03-03 11:03:59 [DEBUG] Process Error on NZDUSD: 'AnalysisResponse' object has no attribute 'trend'
2026-03-03 11:03:59 [DEBUG] [XAUUSD] SMC Tracker: Price ranging inside structure. No sweeps detected.
2026-03-03 11:03:59 [DEBUG] Process Error on XAUUSD: 'AnalysisResponse' object has no attribute 'trend'
2026-03-03 11:04:59 [INFO] 🛡️ Dynamic Profit Locked: USDJPY SL secured at 157.413
2026-03-03 11:04:59 [DEBUG] [EURUSD] SMC Tracker: Bullish Liquidity Swept. Waiting for volume injection.
2026-03-03 11:04:59 [DEBUG] Process Error on EURUSD: 'AnalysisResponse' object has no attribute 'trend'
2026-03-03 11:04:59 [DEBUG] [GBPUSD] SMC Tracker: Bullish Liquidity Swept. Waiting for volume injection.
2026-03-03 11:04:59 [DEBUG] Process Error on GBPUSD: 'AnalysisResponse' object has no attribute 'trend'
2026-03-03 11:04:59 [DEBUG] [USDCAD] SMC Tracker: Price ranging inside structure. No sweeps detected.
2026-03-03 11:04:59 [DEBUG] Process Error on USDCAD: 'AnalysisResponse' object has no attribute 'trend'
2026-03-03 11:04:59 [DEBUG] [USDCHF] SMC Tracker: Bearish Liquidity Swept. Waiting for volume injection.
2026-03-03 11:04:59 [DEBUG] Process Error on USDCHF: 'AnalysisResponse' object has no attribute 'trend'
2026-03-03 11:04:59 [DEBUG] [AUDUSD] SMC Tracker: Price ranging inside structure. No sweeps detected.
2026-03-03 11:04:59 [DEBUG] Process Error on AUDUSD: 'AnalysisResponse' object has no attribute 'trend'
2026-03-03 11:04:59 [DEBUG] [NZDUSD] SMC Tracker: Bullish Liquidity Swept. Waiting for volume injection.
2026-03-03 11:04:59 [DEBUG] Process Error on NZDUSD: 'AnalysisResponse' object has no attribute 'trend'
2026-03-03 11:04:59 [DEBUG] [XAUUSD] SMC Tracker: Price ranging inside structure. No sweeps detected.
2026-03-03 11:04:59 [DEBUG] Process Error on XAUUSD: 'AnalysisResponse' object has no attribute 'trend'
2026-03-03 11:05:58 [DEBUG] [EURUSD] SMC Tracker: Bullish Liquidity Swept. Waiting for volume injection.
2026-03-03 11:05:58 [DEBUG] Process Error on EURUSD: 'AnalysisResponse' object has no attribute 'trend'
2026-03-03 11:05:58 [DEBUG] [GBPUSD] SMC Tracker: Bullish Liquidity Swept. Waiting for volume injection.
2026-03-03 11:05:58 [DEBUG] Process Error on GBPUSD: 'AnalysisResponse' object has no attribute 'trend'
2026-03-03 11:05:58 [DEBUG] [USDCAD] SMC Tracker: Price ranging inside structure. No sweeps detected.
2026-03-03 11:05:58 [DEBUG] Process Error on USDCAD: 'AnalysisResponse' object has no attribute 'trend'
2026-03-03 11:05:58 [DEBUG] [USDCHF] SMC Tracker: Bearish Liquidity Swept. Waiting for volume injection.
2026-03-03 11:05:58 [DEBUG] Process Error on USDCHF: 'AnalysisResponse' object has no attribute 'trend'
2026-03-03 11:05:58 [DEBUG] [AUDUSD] SMC Tracker: Price ranging inside structure. No sweeps detected.
2026-03-03 11:05:58 [DEBUG] Process Error on AUDUSD: 'AnalysisResponse' object has no attribute 'trend'
2026-03-03 11:05:58 [DEBUG] [NZDUSD] SMC Tracker: Bullish Liquidity Swept. Waiting for volume injection.
2026-03-03 11:05:58 [DEBUG] Process Error on NZDUSD: 'AnalysisResponse' object has no attribute 'trend'
2026-03-03 11:05:58 [DEBUG] [XAUUSD] SMC Tracker: Price ranging inside structure. No sweeps detected.
2026-03-03 11:05:58 [DEBUG] Process Error on XAUUSD: 'AnalysisResponse' object has no attribute 'trend'
2026-03-03 11:06:58 [DEBUG] [EURUSD] SMC Tracker: Bullish Liquidity Swept. Waiting for volume injection.
2026-03-03 11:06:58 [DEBUG] Process Error on EURUSD: 'AnalysisResponse' object has no attribute 'trend'
2026-03-03 11:06:58 [DEBUG] [GBPUSD] SMC Tracker: Bullish Liquidity Swept. Waiting for volume injection.
2026-03-03 11:06:58 [DEBUG] Process Error on GBPUSD: 'AnalysisResponse' object has no attribute 'trend'
2026-03-03 11:06:58 [DEBUG] [USDJPY] SMC Tracker: Price ranging inside structure. No sweeps detected.
2026-03-03 11:06:58 [DEBUG] Process Error on USDJPY: 'AnalysisResponse' object has no attribute 'trend'
2026-03-03 11:06:58 [DEBUG] [USDCAD] SMC Tracker: Price ranging inside structure. No sweeps detected.
2026-03-03 11:06:58 [DEBUG] Process Error on USDCAD: 'AnalysisResponse' object has no attribute 'trend'
2026-03-03 11:06:58 [DEBUG] [USDCHF] SMC Tracker: Bearish Liquidity Swept. Waiting for volume injection.
2026-03-03 11:06:58 [DEBUG] Process Error on USDCHF: 'AnalysisResponse' object has no attribute 'trend'
2026-03-03 11:06:58 [DEBUG] [AUDUSD] SMC Tracker: Price ranging inside structure. No sweeps detected.
2026-03-03 11:06:58 [DEBUG] Process Error on AUDUSD: 'AnalysisResponse' object has no attribute 'trend'
2026-03-03 11:06:58 [DEBUG] [NZDUSD] SMC Tracker: Bullish Liquidity Swept. Waiting for volume injection.
2026-03-03 11:06:58 [DEBUG] Process Error on NZDUSD: 'AnalysisResponse' object has no attribute 'trend'
2026-03-03 11:06:58 [DEBUG] [XAUUSD] SMC Tracker: Price ranging inside structure. No sweeps detected.
2026-03-03 11:06:58 [DEBUG] Process Error on XAUUSD: 'AnalysisResponse' object has no attribute 'trend'
2026-03-03 11:07:58 [DEBUG] [EURUSD] SMC Tracker: Bullish Liquidity Swept. Waiting for volume injection.
2026-03-03 11:07:58 [DEBUG] Process Error on EURUSD: 'AnalysisResponse' object has no attribute 'trend'
2026-03-03 11:07:58 [DEBUG] [GBPUSD] SMC Tracker: Bullish Liquidity Swept. Waiting for volume injection.
2026-03-03 11:07:58 [DEBUG] Process Error on GBPUSD: 'AnalysisResponse' object has no attribute 'trend'
2026-03-03 11:07:58 [DEBUG] [USDJPY] SMC Tracker: Price ranging inside structure. No sweeps detected.
2026-03-03 11:07:58 [DEBUG] Process Error on USDJPY: 'AnalysisResponse' object has no attribute 'trend'
2026-03-03 11:07:58 [DEBUG] [USDCAD] SMC Tracker: Price ranging inside structure. No sweeps detected.
2026-03-03 11:07:58 [DEBUG] Process Error on USDCAD: 'AnalysisResponse' object has no attribute 'trend'
2026-03-03 11:07:58 [DEBUG] [USDCHF] SMC Tracker: Bearish Liquidity Swept. Waiting for volume injection.
2026-03-03 11:07:58 [DEBUG] Process Error on USDCHF: 'AnalysisResponse' object has no attribute 'trend'
2026-03-03 11:07:58 [DEBUG] [AUDUSD] SMC Tracker: Price ranging inside structure. No sweeps detected.
2026-03-03 11:07:58 [DEBUG] Process Error on AUDUSD: 'AnalysisResponse' object has no attribute 'trend'
2026-03-03 11:07:58 [DEBUG] [NZDUSD] SMC Tracker: Bullish Liquidity Swept. Waiting for volume injection.
2026-03-03 11:07:58 [DEBUG] Process Error on NZDUSD: 'AnalysisResponse' object has no attribute 'trend'
2026-03-03 11:07:58 [DEBUG] [XAUUSD] SMC Tracker: Price ranging inside structure. No sweeps detected.
2026-03-03 11:07:58 [DEBUG] Process Error on XAUUSD: 'AnalysisResponse' object has no attribute 'trend'
2026-03-03 11:08:19 [INFO] Stopped.
2026-03-03 11:08:21 [INFO] ✅ TradeCore v51.0: Engine Active. Monitoring 8 Assets.
2026-03-03 11:09:22 [DEBUG] [EURUSD] SMC Tracker: Bullish Liquidity Swept. Waiting for volume injection.
2026-03-03 11:09:22 [DEBUG] Process Error on EURUSD: 'AnalysisResponse' object has no attribute 'trend'
2026-03-03 11:09:23 [DEBUG] [GBPUSD] SMC Tracker: Bullish Liquidity Swept. Waiting for volume injection.
2026-03-03 11:09:23 [DEBUG] Process Error on GBPUSD: 'AnalysisResponse' object has no attribute 'trend'
2026-03-03 11:09:23 [DEBUG] [USDJPY] SMC Tracker: Price ranging inside structure. No sweeps detected.
2026-03-03 11:09:23 [DEBUG] Process Error on USDJPY: 'AnalysisResponse' object has no attribute 'trend'
2026-03-03 11:09:23 [DEBUG] [USDCAD] SMC Tracker: Price ranging inside structure. No sweeps detected.
2026-03-03 11:09:23 [DEBUG] Process Error on USDCAD: 'AnalysisResponse' object has no attribute 'trend'
2026-03-03 11:09:23 [DEBUG] [USDCHF] SMC Tracker: Bearish Liquidity Swept. Waiting for volume injection.
2026-03-03 11:09:23 [DEBUG] Process Error on USDCHF: 'AnalysisResponse' object has no attribute 'trend'
2026-03-03 11:09:23 [DEBUG] [AUDUSD] SMC Tracker: Price ranging inside structure. No sweeps detected.
2026-03-03 11:09:23 [DEBUG] Process Error on AUDUSD: 'AnalysisResponse' object has no attribute 'trend'
2026-03-03 11:09:23 [DEBUG] [NZDUSD] SMC Tracker: Bullish Liquidity Swept. Waiting for volume injection.
2026-03-03 11:09:23 [DEBUG] Process Error on NZDUSD: 'AnalysisResponse' object has no attribute 'trend'
2026-03-03 11:09:23 [DEBUG] [XAUUSD] SMC Tracker: Price ranging inside structure. No sweeps detected.
2026-03-03 11:09:23 [DEBUG] Process Error on XAUUSD: 'AnalysisResponse' object has no attribute 'trend'
2026-03-03 11:10:23 [DEBUG] [EURUSD] SMC Tracker: Bullish Liquidity Swept. Waiting for volume injection.
2026-03-03 11:10:23 [DEBUG] Process Error on EURUSD: 'AnalysisResponse' object has no attribute 'trend'
2026-03-03 11:10:23 [DEBUG] [GBPUSD] SMC Tracker: Bullish Liquidity Swept. Waiting for volume injection.
2026-03-03 11:10:23 [DEBUG] Process Error on GBPUSD: 'AnalysisResponse' object has no attribute 'trend'
2026-03-03 11:10:23 [DEBUG] [USDJPY] SMC Tracker: Price ranging inside structure. No sweeps detected.
2026-03-03 11:10:23 [DEBUG] Process Error on USDJPY: 'AnalysisResponse' object has no attribute 'trend'
2026-03-03 11:10:23 [DEBUG] [USDCAD] SMC Tracker: Price ranging inside structure. No sweeps detected.
2026-03-03 11:10:23 [DEBUG] Process Error on USDCAD: 'AnalysisResponse' object has no attribute 'trend'
2026-03-03 11:10:23 [DEBUG] [USDCHF] SMC Tracker: Bearish Liquidity Swept. Waiting for volume injection.
2026-03-03 11:10:23 [DEBUG] Process Error on USDCHF: 'AnalysisResponse' object has no attribute 'trend'
2026-03-03 11:10:23 [DEBUG] [AUDUSD] SMC Tracker: Price ranging inside structure. No sweeps detected.
2026-03-03 11:10:23 [DEBUG] Process Error on AUDUSD: 'AnalysisResponse' object has no attribute 'trend'
2026-03-03 11:10:23 [DEBUG] [NZDUSD] SMC Tracker: Bullish Liquidity Swept. Waiting for volume injection.
2026-03-03 11:10:23 [DEBUG] Process Error on NZDUSD: 'AnalysisResponse' object has no attribute 'trend'
2026-03-03 11:10:23 [DEBUG] [XAUUSD] SMC Tracker: Price ranging inside structure. No sweeps detected.
2026-03-03 11:10:23 [DEBUG] Process Error on XAUUSD: 'AnalysisResponse' object has no attribute 'trend'
2026-03-03 11:11:23 [DEBUG] [EURUSD] SMC Tracker: Bullish Liquidity Swept. Waiting for volume injection.
2026-03-03 11:11:23 [DEBUG] Process Error on EURUSD: 'AnalysisResponse' object has no attribute 'trend'
2026-03-03 11:11:23 [DEBUG] [GBPUSD] SMC Tracker: Bullish Liquidity Swept. Waiting for volume injection.
2026-03-03 11:11:23 [DEBUG] Process Error on GBPUSD: 'AnalysisResponse' object has no attribute 'trend'
2026-03-03 11:11:23 [DEBUG] [USDJPY] SMC Tracker: Price ranging inside structure. No sweeps detected.
2026-03-03 11:11:23 [DEBUG] Process Error on USDJPY: 'AnalysisResponse' object has no attribute 'trend'
2026-03-03 11:11:23 [DEBUG] [USDCAD] SMC Tracker: Price ranging inside structure. No sweeps detected.
2026-03-03 11:11:23 [DEBUG] Process Error on USDCAD: 'AnalysisResponse' object has no attribute 'trend'
2026-03-03 11:11:23 [DEBUG] [USDCHF] SMC Tracker: Bearish Liquidity Swept. Waiting for volume injection.
2026-03-03 11:11:23 [DEBUG] Process Error on USDCHF: 'AnalysisResponse' object has no attribute 'trend'
2026-03-03 11:11:23 [DEBUG] [AUDUSD] SMC Tracker: Price ranging inside structure. No sweeps detected.
2026-03-03 11:11:23 [DEBUG] Process Error on AUDUSD: 'AnalysisResponse' object has no attribute 'trend'
2026-03-03 11:11:23 [DEBUG] [NZDUSD] SMC Tracker: Bullish Liquidity Swept. Waiting for volume injection.
2026-03-03 11:11:23 [DEBUG] Process Error on NZDUSD: 'AnalysisResponse' object has no attribute 'trend'
2026-03-03 11:11:23 [DEBUG] [XAUUSD] SMC Tracker: Price ranging inside structure. No sweeps detected.
2026-03-03 11:11:23 [DEBUG] Process Error on XAUUSD: 'AnalysisResponse' object has no attribute 'trend'
2026-03-03 11:12:23 [DEBUG] [EURUSD] SMC Tracker: Bullish Liquidity Swept. Waiting for volume injection.
2026-03-03 11:12:23 [DEBUG] Process Error on EURUSD: 'AnalysisResponse' object has no attribute 'trend'
2026-03-03 11:12:23 [DEBUG] [GBPUSD] SMC Tracker: Bullish Liquidity Swept. Waiting for volume injection.
2026-03-03 11:12:23 [DEBUG] Process Error on GBPUSD: 'AnalysisResponse' object has no attribute 'trend'
2026-03-03 11:12:23 [DEBUG] [USDJPY] SMC Tracker: Price ranging inside structure. No sweeps detected.
2026-03-03 11:12:23 [DEBUG] Process Error on USDJPY: 'AnalysisResponse' object has no attribute 'trend'
2026-03-03 11:12:23 [DEBUG] [USDCAD] SMC Tracker: Price ranging inside structure. No sweeps detected.
2026-03-03 11:12:23 [DEBUG] Process Error on USDCAD: 'AnalysisResponse' object has no attribute 'trend'
2026-03-03 11:12:23 [DEBUG] [USDCHF] SMC Tracker: Bearish Liquidity Swept. Waiting for volume injection.
2026-03-03 11:12:23 [DEBUG] Process Error on USDCHF: 'AnalysisResponse' object has no attribute 'trend'
2026-03-03 11:12:23 [DEBUG] [AUDUSD] SMC Tracker: Price ranging inside structure. No sweeps detected.
2026-03-03 11:12:23 [DEBUG] Process Error on AUDUSD: 'AnalysisResponse' object has no attribute 'trend'
2026-03-03 11:12:23 [DEBUG] [NZDUSD] SMC Tracker: Bullish Liquidity Swept. Waiting for volume injection.
2026-03-03 11:12:23 [DEBUG] Process Error on NZDUSD: 'AnalysisResponse' object has no attribute 'trend'
2026-03-03 11:12:23 [DEBUG] [XAUUSD] SMC Tracker: Price ranging inside structure. No sweeps detected.
2026-03-03 11:12:23 [DEBUG] Process Error on XAUUSD: 'AnalysisResponse' object has no attribute 'trend'
2026-03-03 11:13:23 [DEBUG] [EURUSD] SMC Tracker: Bullish Liquidity Swept. Waiting for volume injection.
2026-03-03 11:13:23 [DEBUG] Process Error on EURUSD: 'AnalysisResponse' object has no attribute 'trend'
2026-03-03 11:13:23 [DEBUG] [GBPUSD] SMC Tracker: Bullish Liquidity Swept. Waiting for volume injection.
2026-03-03 11:13:23 [DEBUG] Process Error on GBPUSD: 'AnalysisResponse' object has no attribute 'trend'
2026-03-03 11:13:23 [DEBUG] [USDJPY] SMC Tracker: Price ranging inside structure. No sweeps detected.
2026-03-03 11:13:23 [DEBUG] Process Error on USDJPY: 'AnalysisResponse' object has no attribute 'trend'
2026-03-03 11:13:23 [DEBUG] [USDCAD] SMC Tracker: Price ranging inside structure. No sweeps detected.
2026-03-03 11:13:23 [DEBUG] Process Error on USDCAD: 'AnalysisResponse' object has no attribute 'trend'
2026-03-03 11:13:23 [DEBUG] [USDCHF] SMC Tracker: Bearish Liquidity Swept. Waiting for volume injection.
2026-03-03 11:13:23 [DEBUG] Process Error on USDCHF: 'AnalysisResponse' object has no attribute 'trend'
2026-03-03 11:13:23 [DEBUG] [AUDUSD] SMC Tracker: Price ranging inside structure. No sweeps detected.
2026-03-03 11:13:23 [DEBUG] Process Error on AUDUSD: 'AnalysisResponse' object has no attribute 'trend'
2026-03-03 11:13:23 [DEBUG] [NZDUSD] SMC Tracker: Bullish Liquidity Swept. Waiting for volume injection.
2026-03-03 11:13:23 [DEBUG] Process Error on NZDUSD: 'AnalysisResponse' object has no attribute 'trend'
2026-03-03 11:13:23 [DEBUG] [XAUUSD] SMC Tracker: Price ranging inside structure. No sweeps detected.
2026-03-03 11:13:23 [DEBUG] Process Error on XAUUSD: 'AnalysisResponse' object has no attribute 'trend'
2026-03-03 11:14:23 [DEBUG] [EURUSD] SMC Tracker: Bullish Liquidity Swept. Waiting for volume injection.
2026-03-03 11:14:23 [DEBUG] Process Error on EURUSD: 'AnalysisResponse' object has no attribute 'trend'
2026-03-03 11:14:23 [DEBUG] [GBPUSD] SMC Tracker: Bullish Liquidity Swept. Waiting for volume injection.
2026-03-03 11:14:23 [DEBUG] Process Error on GBPUSD: 'AnalysisResponse' object has no attribute 'trend'
2026-03-03 11:14:23 [DEBUG] [USDJPY] SMC Tracker: Price ranging inside structure. No sweeps detected.
2026-03-03 11:14:23 [DEBUG] Process Error on USDJPY: 'AnalysisResponse' object has no attribute 'trend'
2026-03-03 11:14:23 [DEBUG] [USDCAD] SMC Tracker: Price ranging inside structure. No sweeps detected.
2026-03-03 11:14:23 [DEBUG] Process Error on USDCAD: 'AnalysisResponse' object has no attribute 'trend'
2026-03-03 11:14:23 [DEBUG] [USDCHF] SMC Tracker: Bearish Liquidity Swept. Waiting for volume injection.
2026-03-03 11:14:23 [DEBUG] Process Error on USDCHF: 'AnalysisResponse' object has no attribute 'trend'
2026-03-03 11:14:23 [DEBUG] [AUDUSD] SMC Tracker: Price ranging inside structure. No sweeps detected.
2026-03-03 11:14:23 [DEBUG] Process Error on AUDUSD: 'AnalysisResponse' object has no attribute 'trend'
2026-03-03 11:14:23 [DEBUG] [NZDUSD] SMC Tracker: Bullish Liquidity Swept. Waiting for volume injection.
2026-03-03 11:14:23 [DEBUG] Process Error on NZDUSD: 'AnalysisResponse' object has no attribute 'trend'
2026-03-03 11:14:23 [DEBUG] [XAUUSD] SMC Tracker: Price ranging inside structure. No sweeps detected.
2026-03-03 11:14:23 [DEBUG] Process Error on XAUUSD: 'AnalysisResponse' object has no attribute 'trend'
2026-03-03 11:15:23 [DEBUG] [EURUSD] SMC Tracker: Bullish Liquidity Swept. Waiting for volume injection.
2026-03-03 11:15:23 [DEBUG] Process Error on EURUSD: 'AnalysisResponse' object has no attribute 'trend'
2026-03-03 11:15:23 [DEBUG] [GBPUSD] SMC Tracker: Bullish Liquidity Swept. Waiting for volume injection.
2026-03-03 11:15:23 [DEBUG] Process Error on GBPUSD: 'AnalysisResponse' object has no attribute 'trend'
2026-03-03 11:15:23 [DEBUG] [USDJPY] SMC Tracker: Price ranging inside structure. No sweeps detected.
2026-03-03 11:15:23 [DEBUG] Process Error on USDJPY: 'AnalysisResponse' object has no attribute 'trend'
2026-03-03 11:15:23 [DEBUG] [USDCAD] SMC Tracker: Price ranging inside structure. No sweeps detected.
2026-03-03 11:15:23 [DEBUG] Process Error on USDCAD: 'AnalysisResponse' object has no attribute 'trend'
2026-03-03 11:15:23 [DEBUG] [USDCHF] SMC Tracker: Bearish Liquidity Swept. Waiting for volume injection.
2026-03-03 11:15:23 [DEBUG] Process Error on USDCHF: 'AnalysisResponse' object has no attribute 'trend'
2026-03-03 11:15:23 [DEBUG] [AUDUSD] SMC Tracker: Bullish Liquidity Swept. Waiting for volume injection.
2026-03-03 11:15:23 [DEBUG] Process Error on AUDUSD: 'AnalysisResponse' object has no attribute 'trend'
2026-03-03 11:15:23 [DEBUG] [NZDUSD] SMC Tracker: Bullish Liquidity Swept. Waiting for volume injection.
2026-03-03 11:15:23 [DEBUG] Process Error on NZDUSD: 'AnalysisResponse' object has no attribute 'trend'
2026-03-03 11:15:23 [DEBUG] [XAUUSD] SMC Tracker: Price ranging inside structure. No sweeps detected.
2026-03-03 11:15:23 [DEBUG] Process Error on XAUUSD: 'AnalysisResponse' object has no attribute 'trend'
2026-03-03 11:16:23 [DEBUG] [EURUSD] SMC Tracker: Bullish Liquidity Swept. Waiting for volume injection.
2026-03-03 11:16:23 [DEBUG] Process Error on EURUSD: 'AnalysisResponse' object has no attribute 'trend'
2026-03-03 11:16:23 [DEBUG] [GBPUSD] SMC Tracker: Bullish Liquidity Swept. Waiting for volume injection.
2026-03-03 11:16:23 [DEBUG] Process Error on GBPUSD: 'AnalysisResponse' object has no attribute 'trend'
2026-03-03 11:16:23 [DEBUG] [USDJPY] SMC Tracker: Price ranging inside structure. No sweeps detected.
2026-03-03 11:16:23 [DEBUG] Process Error on USDJPY: 'AnalysisResponse' object has no attribute 'trend'
2026-03-03 11:16:23 [DEBUG] [USDCAD] SMC Tracker: Price ranging inside structure. No sweeps detected.
2026-03-03 11:16:23 [DEBUG] Process Error on USDCAD: 'AnalysisResponse' object has no attribute 'trend'
2026-03-03 11:16:23 [DEBUG] [USDCHF] SMC Tracker: Bearish Liquidity Swept. Waiting for volume injection.
2026-03-03 11:16:23 [DEBUG] Process Error on USDCHF: 'AnalysisResponse' object has no attribute 'trend'
2026-03-03 11:16:23 [DEBUG] [AUDUSD] SMC Tracker: Bullish Liquidity Swept. Waiting for volume injection.
2026-03-03 11:16:23 [DEBUG] Process Error on AUDUSD: 'AnalysisResponse' object has no attribute 'trend'
2026-03-03 11:16:23 [DEBUG] [NZDUSD] SMC Tracker: Bullish Liquidity Swept. Waiting for volume injection.
2026-03-03 11:16:23 [DEBUG] Process Error on NZDUSD: 'AnalysisResponse' object has no attribute 'trend'
2026-03-03 11:16:23 [DEBUG] [XAUUSD] SMC Tracker: Price ranging inside structure. No sweeps detected.
2026-03-03 11:16:23 [DEBUG] Process Error on XAUUSD: 'AnalysisResponse' object has no attribute 'trend'
2026-03-03 11:17:23 [DEBUG] [EURUSD] SMC Tracker: Bullish Liquidity Swept. Waiting for volume injection.
2026-03-03 11:17:23 [DEBUG] Process Error on EURUSD: 'AnalysisResponse' object has no attribute 'trend'
2026-03-03 11:17:23 [DEBUG] [GBPUSD] SMC Tracker: Bullish Liquidity Swept. Waiting for volume injection.
2026-03-03 11:17:23 [DEBUG] Process Error on GBPUSD: 'AnalysisResponse' object has no attribute 'trend'
2026-03-03 11:17:23 [DEBUG] [USDJPY] SMC Tracker: Price ranging inside structure. No sweeps detected.
2026-03-03 11:17:23 [DEBUG] Process Error on USDJPY: 'AnalysisResponse' object has no attribute 'trend'
2026-03-03 11:17:23 [DEBUG] [USDCAD] SMC Tracker: Price ranging inside structure. No sweeps detected.
2026-03-03 11:17:23 [DEBUG] Process Error on USDCAD: 'AnalysisResponse' object has no attribute 'trend'
2026-03-03 11:17:23 [DEBUG] [USDCHF] SMC Tracker: Bearish Liquidity Swept. Waiting for volume injection.
2026-03-03 11:17:23 [DEBUG] Process Error on USDCHF: 'AnalysisResponse' object has no attribute 'trend'
2026-03-03 11:17:23 [DEBUG] [AUDUSD] SMC Tracker: Bullish Liquidity Swept. Waiting for volume injection.
2026-03-03 11:17:23 [DEBUG] Process Error on AUDUSD: 'AnalysisResponse' object has no attribute 'trend'
2026-03-03 11:17:23 [DEBUG] [NZDUSD] SMC Tracker: Bullish Liquidity Swept. Waiting for volume injection.
2026-03-03 11:17:23 [DEBUG] Process Error on NZDUSD: 'AnalysisResponse' object has no attribute 'trend'
2026-03-03 11:17:23 [DEBUG] [XAUUSD] SMC Tracker: Price ranging inside structure. No sweeps detected.
2026-03-03 11:17:23 [DEBUG] Process Error on XAUUSD: 'AnalysisResponse' object has no attribute 'trend'
2026-03-03 11:18:23 [DEBUG] [EURUSD] SMC Tracker: Bullish Liquidity Swept. Waiting for volume injection.
2026-03-03 11:18:23 [DEBUG] Process Error on EURUSD: 'AnalysisResponse' object has no attribute 'trend'
2026-03-03 11:18:23 [DEBUG] [GBPUSD] SMC Tracker: Bullish Liquidity Swept. Waiting for volume injection.
2026-03-03 11:18:23 [DEBUG] Process Error on GBPUSD: 'AnalysisResponse' object has no attribute 'trend'
2026-03-03 11:18:23 [DEBUG] [USDJPY] SMC Tracker: Price ranging inside structure. No sweeps detected.
2026-03-03 11:18:23 [DEBUG] Process Error on USDJPY: 'AnalysisResponse' object has no attribute 'trend'
2026-03-03 11:18:23 [DEBUG] [USDCAD] SMC Tracker: Price ranging inside structure. No sweeps detected.
2026-03-03 11:18:23 [DEBUG] Process Error on USDCAD: 'AnalysisResponse' object has no attribute 'trend'
2026-03-03 11:18:23 [DEBUG] [USDCHF] SMC Tracker: Bearish Liquidity Swept. Waiting for volume injection.
2026-03-03 11:18:23 [DEBUG] Process Error on USDCHF: 'AnalysisResponse' object has no attribute 'trend'
2026-03-03 11:18:23 [DEBUG] [AUDUSD] SMC Tracker: Bullish Liquidity Swept. Waiting for volume injection.
2026-03-03 11:18:23 [DEBUG] Process Error on AUDUSD: 'AnalysisResponse' object has no attribute 'trend'
2026-03-03 11:18:23 [DEBUG] [NZDUSD] SMC Tracker: Bullish Liquidity Swept. Waiting for volume injection.
2026-03-03 11:18:23 [DEBUG] Process Error on NZDUSD: 'AnalysisResponse' object has no attribute 'trend'
2026-03-03 11:18:23 [DEBUG] [XAUUSD] SMC Tracker: Price ranging inside structure. No sweeps detected.
2026-03-03 11:18:23 [DEBUG] Process Error on XAUUSD: 'AnalysisResponse' object has no attribute 'trend'
2026-03-03 11:19:23 [DEBUG] [EURUSD] SMC Tracker: Bullish Liquidity Swept. Waiting for volume injection.
2026-03-03 11:19:23 [DEBUG] Process Error on EURUSD: 'AnalysisResponse' object has no attribute 'trend'
2026-03-03 11:19:23 [DEBUG] [GBPUSD] SMC Tracker: Bullish Liquidity Swept. Waiting for volume injection.
2026-03-03 11:19:23 [DEBUG] Process Error on GBPUSD: 'AnalysisResponse' object has no attribute 'trend'
2026-03-03 11:19:23 [DEBUG] [USDJPY] SMC Tracker: Price ranging inside structure. No sweeps detected.
2026-03-03 11:19:23 [DEBUG] Process Error on USDJPY: 'AnalysisResponse' object has no attribute 'trend'
2026-03-03 11:19:23 [DEBUG] [USDCAD] SMC Tracker: Price ranging inside structure. No sweeps detected.
2026-03-03 11:19:23 [DEBUG] Process Error on USDCAD: 'AnalysisResponse' object has no attribute 'trend'
2026-03-03 11:19:23 [DEBUG] [USDCHF] SMC Tracker: Bearish Liquidity Swept. Waiting for volume injection.
2026-03-03 11:19:23 [DEBUG] Process Error on USDCHF: 'AnalysisResponse' object has no attribute 'trend'
2026-03-03 11:19:23 [DEBUG] [AUDUSD] SMC Tracker: Bullish Liquidity Swept. Waiting for volume injection.
2026-03-03 11:19:23 [DEBUG] Process Error on AUDUSD: 'AnalysisResponse' object has no attribute 'trend'
2026-03-03 11:19:23 [DEBUG] [NZDUSD] SMC Tracker: Bullish Liquidity Swept. Waiting for volume injection.
2026-03-03 11:19:23 [DEBUG] Process Error on NZDUSD: 'AnalysisResponse' object has no attribute 'trend'
2026-03-03 11:19:23 [DEBUG] [XAUUSD] SMC Tracker: Price ranging inside structure. No sweeps detected.
2026-03-03 11:19:23 [DEBUG] Process Error on XAUUSD: 'AnalysisResponse' object has no attribute 'trend'
2026-03-03 11:20:23 [DEBUG] [EURUSD] SMC Tracker: Bullish Liquidity Swept. Waiting for volume injection.
2026-03-03 11:20:23 [DEBUG] Process Error on EURUSD: 'AnalysisResponse' object has no attribute 'trend'
2026-03-03 11:20:23 [DEBUG] [GBPUSD] SMC Tracker: Bullish Liquidity Swept. Waiting for volume injection.
2026-03-03 11:20:23 [DEBUG] Process Error on GBPUSD: 'AnalysisResponse' object has no attribute 'trend'
2026-03-03 11:20:23 [DEBUG] [USDJPY] SMC Tracker: Price ranging inside structure. No sweeps detected.
2026-03-03 11:20:23 [DEBUG] Process Error on USDJPY: 'AnalysisResponse' object has no attribute 'trend'
2026-03-03 11:20:23 [DEBUG] [USDCAD] SMC Tracker: Price ranging inside structure. No sweeps detected.
2026-03-03 11:20:23 [DEBUG] Process Error on USDCAD: 'AnalysisResponse' object has no attribute 'trend'
2026-03-03 11:20:23 [DEBUG] [USDCHF] SMC Tracker: Bearish Liquidity Swept. Waiting for volume injection.
2026-03-03 11:20:23 [DEBUG] Process Error on USDCHF: 'AnalysisResponse' object has no attribute 'trend'
2026-03-03 11:20:23 [DEBUG] [AUDUSD] SMC Tracker: Bullish Liquidity Swept. Waiting for volume injection.
2026-03-03 11:20:23 [DEBUG] Process Error on AUDUSD: 'AnalysisResponse' object has no attribute 'trend'
2026-03-03 11:20:23 [DEBUG] [NZDUSD] SMC Tracker: Bullish Liquidity Swept. Waiting for volume injection.
2026-03-03 11:20:23 [DEBUG] Process Error on NZDUSD: 'AnalysisResponse' object has no attribute 'trend'
2026-03-03 11:20:23 [DEBUG] [XAUUSD] SMC Tracker: Price ranging inside structure. No sweeps detected.
2026-03-03 11:20:23 [DEBUG] Process Error on XAUUSD: 'AnalysisResponse' object has no attribute 'trend'
2026-03-03 11:21:23 [DEBUG] [EURUSD] SMC Tracker: Bullish Liquidity Swept. Waiting for volume injection.
2026-03-03 11:21:23 [DEBUG] Process Error on EURUSD: 'AnalysisResponse' object has no attribute 'trend'
2026-03-03 11:21:23 [DEBUG] [GBPUSD] SMC Tracker: Bullish Liquidity Swept. Waiting for volume injection.
2026-03-03 11:21:23 [DEBUG] Process Error on GBPUSD: 'AnalysisResponse' object has no attribute 'trend'
2026-03-03 11:21:23 [DEBUG] [USDJPY] SMC Tracker: Price ranging inside structure. No sweeps detected.
2026-03-03 11:21:23 [DEBUG] Process Error on USDJPY: 'AnalysisResponse' object has no attribute 'trend'
2026-03-03 11:21:23 [DEBUG] [USDCAD] SMC Tracker: Price ranging inside structure. No sweeps detected.
2026-03-03 11:21:23 [DEBUG] Process Error on USDCAD: 'AnalysisResponse' object has no attribute 'trend'
2026-03-03 11:21:23 [DEBUG] [USDCHF] SMC Tracker: Bearish Liquidity Swept. Waiting for volume injection.
2026-03-03 11:21:23 [DEBUG] Process Error on USDCHF: 'AnalysisResponse' object has no attribute 'trend'
2026-03-03 11:21:23 [DEBUG] [AUDUSD] SMC Tracker: Bullish Liquidity Swept. Waiting for volume injection.
2026-03-03 11:21:23 [DEBUG] Process Error on AUDUSD: 'AnalysisResponse' object has no attribute 'trend'
2026-03-03 11:21:23 [DEBUG] [NZDUSD] SMC Tracker: Bullish Liquidity Swept. Waiting for volume injection.
2026-03-03 11:21:23 [DEBUG] Process Error on NZDUSD: 'AnalysisResponse' object has no attribute 'trend'
2026-03-03 11:21:23 [DEBUG] [XAUUSD] SMC Tracker: Price ranging inside structure. No sweeps detected.
2026-03-03 11:21:23 [DEBUG] Process Error on XAUUSD: 'AnalysisResponse' object has no attribute 'trend'
2026-03-03 11:22:23 [DEBUG] [EURUSD] SMC Tracker: Bullish Liquidity Swept. Waiting for volume injection.
2026-03-03 11:22:23 [DEBUG] Process Error on EURUSD: 'AnalysisResponse' object has no attribute 'trend'
2026-03-03 11:22:23 [DEBUG] [GBPUSD] SMC Tracker: Bullish Liquidity Swept. Waiting for volume injection.
2026-03-03 11:22:23 [DEBUG] Process Error on GBPUSD: 'AnalysisResponse' object has no attribute 'trend'
2026-03-03 11:22:23 [DEBUG] [USDJPY] SMC Tracker: Price ranging inside structure. No sweeps detected.
2026-03-03 11:22:23 [DEBUG] Process Error on USDJPY: 'AnalysisResponse' object has no attribute 'trend'
2026-03-03 11:22:23 [DEBUG] [USDCAD] SMC Tracker: Price ranging inside structure. No sweeps detected.
2026-03-03 11:22:23 [DEBUG] Process Error on USDCAD: 'AnalysisResponse' object has no attribute 'trend'
2026-03-03 11:22:23 [DEBUG] [USDCHF] SMC Tracker: Bearish Liquidity Swept. Waiting for volume injection.
2026-03-03 11:22:23 [DEBUG] Process Error on USDCHF: 'AnalysisResponse' object has no attribute 'trend'
2026-03-03 11:22:23 [DEBUG] [AUDUSD] SMC Tracker: Bullish Liquidity Swept. Waiting for volume injection.
2026-03-03 11:22:23 [DEBUG] Process Error on AUDUSD: 'AnalysisResponse' object has no attribute 'trend'
2026-03-03 11:22:23 [DEBUG] [NZDUSD] SMC Tracker: Bullish Liquidity Swept. Waiting for volume injection.
2026-03-03 11:22:23 [DEBUG] Process Error on NZDUSD: 'AnalysisResponse' object has no attribute 'trend'
2026-03-03 11:22:23 [DEBUG] [XAUUSD] SMC Tracker: Price ranging inside structure. No sweeps detected.
2026-03-03 11:22:23 [DEBUG] Process Error on XAUUSD: 'AnalysisResponse' object has no attribute 'trend'
2026-03-03 11:23:23 [DEBUG] [EURUSD] SMC Tracker: Bullish Liquidity Swept. Waiting for volume injection.
2026-03-03 11:23:23 [DEBUG] Process Error on EURUSD: 'AnalysisResponse' object has no attribute 'trend'
2026-03-03 11:23:23 [DEBUG] [GBPUSD] SMC Tracker: Bullish Liquidity Swept. Waiting for volume injection.
2026-03-03 11:23:23 [DEBUG] Process Error on GBPUSD: 'AnalysisResponse' object has no attribute 'trend'
2026-03-03 11:23:23 [DEBUG] [USDJPY] SMC Tracker: Price ranging inside structure. No sweeps detected.
2026-03-03 11:23:23 [DEBUG] Process Error on USDJPY: 'AnalysisResponse' object has no attribute 'trend'
2026-03-03 11:23:23 [DEBUG] [USDCAD] SMC Tracker: Price ranging inside structure. No sweeps detected.
2026-03-03 11:23:23 [DEBUG] Process Error on USDCAD: 'AnalysisResponse' object has no attribute 'trend'
2026-03-03 11:23:23 [DEBUG] [USDCHF] SMC Tracker: Bearish Liquidity Swept. Waiting for volume injection.
2026-03-03 11:23:23 [DEBUG] Process Error on USDCHF: 'AnalysisResponse' object has no attribute 'trend'
2026-03-03 11:23:23 [DEBUG] [AUDUSD] SMC Tracker: Bullish Liquidity Swept. Waiting for volume injection.
2026-03-03 11:23:23 [DEBUG] Process Error on AUDUSD: 'AnalysisResponse' object has no attribute 'trend'
2026-03-03 11:23:23 [DEBUG] [NZDUSD] SMC Tracker: Bullish Liquidity Swept. Waiting for volume injection.
2026-03-03 11:23:23 [DEBUG] Process Error on NZDUSD: 'AnalysisResponse' object has no attribute 'trend'
2026-03-03 11:23:23 [DEBUG] [XAUUSD] SMC Tracker: Price ranging inside structure. No sweeps detected.
2026-03-03 11:23:23 [DEBUG] Process Error on XAUUSD: 'AnalysisResponse' object has no attribute 'trend'
2026-03-03 11:24:23 [DEBUG] [EURUSD] SMC Tracker: Bullish Liquidity Swept. Waiting for volume injection.
2026-03-03 11:24:23 [DEBUG] Process Error on EURUSD: 'AnalysisResponse' object has no attribute 'trend'
2026-03-03 11:24:23 [DEBUG] [GBPUSD] SMC Tracker: Bullish Liquidity Swept. Waiting for volume injection.
2026-03-03 11:24:23 [DEBUG] Process Error on GBPUSD: 'AnalysisResponse' object has no attribute 'trend'
2026-03-03 11:24:23 [DEBUG] [USDJPY] SMC Tracker: Price ranging inside structure. No sweeps detected.
2026-03-03 11:24:23 [DEBUG] Process Error on USDJPY: 'AnalysisResponse' object has no attribute 'trend'
2026-03-03 11:24:23 [DEBUG] [USDCAD] SMC Tracker: Price ranging inside structure. No sweeps detected.
2026-03-03 11:24:23 [DEBUG] Process Error on USDCAD: 'AnalysisResponse' object has no attribute 'trend'
2026-03-03 11:24:23 [DEBUG] [USDCHF] SMC Tracker: Bearish Liquidity Swept. Waiting for volume injection.
2026-03-03 11:24:23 [DEBUG] Process Error on USDCHF: 'AnalysisResponse' object has no attribute 'trend'
2026-03-03 11:24:23 [DEBUG] [AUDUSD] SMC Tracker: Bullish Liquidity Swept. Waiting for volume injection.
2026-03-03 11:24:23 [DEBUG] Process Error on AUDUSD: 'AnalysisResponse' object has no attribute 'trend'
2026-03-03 11:24:23 [DEBUG] [NZDUSD] SMC Tracker: Bullish Liquidity Swept. Waiting for volume injection.
2026-03-03 11:24:23 [DEBUG] Process Error on NZDUSD: 'AnalysisResponse' object has no attribute 'trend'
2026-03-03 11:24:23 [DEBUG] [XAUUSD] SMC Tracker: Price ranging inside structure. No sweeps detected.
2026-03-03 11:24:23 [DEBUG] Process Error on XAUUSD: 'AnalysisResponse' object has no attribute 'trend'
2026-03-03 11:25:02 [INFO] Stopped.
2026-03-03 11:25:04 [INFO] ✅ TradeCore v51.0: Engine Active. Monitoring 8 Assets.
2026-03-03 11:26:06 [DEBUG] [EURUSD] SMC Tracker: Bullish Liquidity Swept. Waiting for volume injection.
2026-03-03 11:26:06 [DEBUG] Process Error on EURUSD: 'AnalysisResponse' object has no attribute 'trend'
2026-03-03 11:26:06 [DEBUG] [GBPUSD] SMC Tracker: Bullish Liquidity Swept. Waiting for volume injection.
2026-03-03 11:26:06 [DEBUG] Process Error on GBPUSD: 'AnalysisResponse' object has no attribute 'trend'
2026-03-03 11:26:06 [DEBUG] [USDJPY] SMC Tracker: Price ranging inside structure. No sweeps detected.
2026-03-03 11:26:06 [DEBUG] Process Error on USDJPY: 'AnalysisResponse' object has no attribute 'trend'
2026-03-03 11:26:06 [DEBUG] [USDCAD] SMC Tracker: Price ranging inside structure. No sweeps detected.
2026-03-03 11:26:06 [DEBUG] Process Error on USDCAD: 'AnalysisResponse' object has no attribute 'trend'
2026-03-03 11:26:06 [DEBUG] [USDCHF] SMC Tracker: Bearish Liquidity Swept. Waiting for volume injection.
2026-03-03 11:26:06 [DEBUG] Process Error on USDCHF: 'AnalysisResponse' object has no attribute 'trend'
2026-03-03 11:26:06 [DEBUG] [AUDUSD] SMC Tracker: Bullish Liquidity Swept. Waiting for volume injection.
2026-03-03 11:26:06 [DEBUG] Process Error on AUDUSD: 'AnalysisResponse' object has no attribute 'trend'
2026-03-03 11:26:06 [DEBUG] [NZDUSD] SMC Tracker: Bullish Liquidity Swept. Waiting for volume injection.
2026-03-03 11:26:06 [DEBUG] Process Error on NZDUSD: 'AnalysisResponse' object has no attribute 'trend'
2026-03-03 11:26:06 [DEBUG] [XAUUSD] SMC Tracker: Price ranging inside structure. No sweeps detected.
2026-03-03 11:26:06 [DEBUG] Process Error on XAUUSD: 'AnalysisResponse' object has no attribute 'trend'
2026-03-03 11:27:06 [DEBUG] [EURUSD] SMC Tracker: Bullish Liquidity Swept. Waiting for volume injection.
2026-03-03 11:27:06 [DEBUG] Process Error on EURUSD: 'AnalysisResponse' object has no attribute 'trend'
2026-03-03 11:27:06 [DEBUG] [GBPUSD] SMC Tracker: Bullish Liquidity Swept. Waiting for volume injection.
2026-03-03 11:27:06 [DEBUG] Process Error on GBPUSD: 'AnalysisResponse' object has no attribute 'trend'
2026-03-03 11:27:06 [DEBUG] [USDJPY] SMC Tracker: Price ranging inside structure. No sweeps detected.
2026-03-03 11:27:06 [DEBUG] Process Error on USDJPY: 'AnalysisResponse' object has no attribute 'trend'
2026-03-03 11:27:06 [DEBUG] [USDCAD] SMC Tracker: Price ranging inside structure. No sweeps detected.
2026-03-03 11:27:06 [DEBUG] Process Error on USDCAD: 'AnalysisResponse' object has no attribute 'trend'
2026-03-03 11:27:06 [DEBUG] [USDCHF] SMC Tracker: Bearish Liquidity Swept. Waiting for volume injection.
2026-03-03 11:27:06 [DEBUG] Process Error on USDCHF: 'AnalysisResponse' object has no attribute 'trend'
2026-03-03 11:27:06 [DEBUG] [AUDUSD] SMC Tracker: Bullish Liquidity Swept. Waiting for volume injection.
2026-03-03 11:27:06 [DEBUG] Process Error on AUDUSD: 'AnalysisResponse' object has no attribute 'trend'
2026-03-03 11:27:06 [DEBUG] [NZDUSD] SMC Tracker: Bullish Liquidity Swept. Waiting for volume injection.
2026-03-03 11:27:06 [DEBUG] Process Error on NZDUSD: 'AnalysisResponse' object has no attribute 'trend'
2026-03-03 11:27:06 [DEBUG] [XAUUSD] SMC Tracker: Price ranging inside structure. No sweeps detected.
2026-03-03 11:27:06 [DEBUG] Process Error on XAUUSD: 'AnalysisResponse' object has no attribute 'trend'
2026-03-03 11:28:06 [DEBUG] [EURUSD] SMC Tracker: Bullish Liquidity Swept. Waiting for volume injection.
2026-03-03 11:28:06 [DEBUG] Process Error on EURUSD: 'AnalysisResponse' object has no attribute 'trend'
2026-03-03 11:28:06 [DEBUG] [GBPUSD] SMC Tracker: Bullish Liquidity Swept. Waiting for volume injection.
2026-03-03 11:28:06 [DEBUG] Process Error on GBPUSD: 'AnalysisResponse' object has no attribute 'trend'
2026-03-03 11:28:06 [DEBUG] [USDJPY] SMC Tracker: Price ranging inside structure. No sweeps detected.
2026-03-03 11:28:06 [DEBUG] Process Error on USDJPY: 'AnalysisResponse' object has no attribute 'trend'
2026-03-03 11:28:06 [DEBUG] [USDCAD] SMC Tracker: Price ranging inside structure. No sweeps detected.
2026-03-03 11:28:06 [DEBUG] Process Error on USDCAD: 'AnalysisResponse' object has no attribute 'trend'
2026-03-03 11:28:06 [DEBUG] [USDCHF] SMC Tracker: Bearish Liquidity Swept. Waiting for volume injection.
2026-03-03 11:28:06 [DEBUG] Process Error on USDCHF: 'AnalysisResponse' object has no attribute 'trend'
2026-03-03 11:28:06 [DEBUG] [AUDUSD] SMC Tracker: Bullish Liquidity Swept. Waiting for volume injection.
2026-03-03 11:28:06 [DEBUG] Process Error on AUDUSD: 'AnalysisResponse' object has no attribute 'trend'
2026-03-03 11:28:06 [DEBUG] [NZDUSD] SMC Tracker: Bullish Liquidity Swept. Waiting for volume injection.
2026-03-03 11:28:06 [DEBUG] Process Error on NZDUSD: 'AnalysisResponse' object has no attribute 'trend'
2026-03-03 11:28:06 [DEBUG] [XAUUSD] SMC Tracker: Price ranging inside structure. No sweeps detected.
2026-03-03 11:28:06 [DEBUG] Process Error on XAUUSD: 'AnalysisResponse' object has no attribute 'trend'
2026-03-03 11:29:06 [DEBUG] [EURUSD] SMC Tracker: Bullish Liquidity Swept. Waiting for volume injection.
2026-03-03 11:29:06 [DEBUG] Process Error on EURUSD: 'AnalysisResponse' object has no attribute 'trend'
2026-03-03 11:29:06 [DEBUG] [GBPUSD] SMC Tracker: Bullish Liquidity Swept. Waiting for volume injection.
2026-03-03 11:29:06 [DEBUG] Process Error on GBPUSD: 'AnalysisResponse' object has no attribute 'trend'
2026-03-03 11:29:06 [DEBUG] [USDJPY] SMC Tracker: Price ranging inside structure. No sweeps detected.
2026-03-03 11:29:06 [DEBUG] Process Error on USDJPY: 'AnalysisResponse' object has no attribute 'trend'
2026-03-03 11:29:06 [DEBUG] [USDCAD] SMC Tracker: Price ranging inside structure. No sweeps detected.
2026-03-03 11:29:06 [DEBUG] Process Error on USDCAD: 'AnalysisResponse' object has no attribute 'trend'
2026-03-03 11:29:06 [DEBUG] [USDCHF] SMC Tracker: Bearish Liquidity Swept. Waiting for volume injection.
2026-03-03 11:29:06 [DEBUG] Process Error on USDCHF: 'AnalysisResponse' object has no attribute 'trend'
2026-03-03 11:29:06 [DEBUG] [AUDUSD] SMC Tracker: Bullish Liquidity Swept. Waiting for volume injection.
2026-03-03 11:29:06 [DEBUG] Process Error on AUDUSD: 'AnalysisResponse' object has no attribute 'trend'
2026-03-03 11:29:06 [DEBUG] [NZDUSD] SMC Tracker: Bullish Liquidity Swept. Waiting for volume injection.
2026-03-03 11:29:06 [DEBUG] Process Error on NZDUSD: 'AnalysisResponse' object has no attribute 'trend'
2026-03-03 11:29:06 [DEBUG] [XAUUSD] SMC Tracker: Price ranging inside structure. No sweeps detected.
2026-03-03 11:29:06 [DEBUG] Process Error on XAUUSD: 'AnalysisResponse' object has no attribute 'trend'
2026-03-03 11:29:51 [INFO] 📩 Received Command: /status
2026-03-03 11:30:06 [DEBUG] [EURUSD] SMC Tracker: Bullish Liquidity Swept. Waiting for volume injection.
2026-03-03 11:30:06 [DEBUG] Process Error on EURUSD: 'AnalysisResponse' object has no attribute 'trend'
2026-03-03 11:30:06 [DEBUG] [GBPUSD] SMC Tracker: Bullish Liquidity Swept. Waiting for volume injection.
2026-03-03 11:30:06 [DEBUG] Process Error on GBPUSD: 'AnalysisResponse' object has no attribute 'trend'
2026-03-03 11:30:06 [DEBUG] [USDJPY] SMC Tracker: Bearish Liquidity Swept. Waiting for volume injection.
2026-03-03 11:30:06 [DEBUG] Process Error on USDJPY: 'AnalysisResponse' object has no attribute 'trend'
2026-03-03 11:30:06 [DEBUG] [USDCAD] SMC Tracker: Bearish Liquidity Swept. Waiting for volume injection.
2026-03-03 11:30:06 [DEBUG] Process Error on USDCAD: 'AnalysisResponse' object has no attribute 'trend'
2026-03-03 11:30:06 [DEBUG] [USDCHF] SMC Tracker: Bearish Liquidity Swept. Waiting for volume injection.
2026-03-03 11:30:06 [DEBUG] Process Error on USDCHF: 'AnalysisResponse' object has no attribute 'trend'
2026-03-03 11:30:06 [DEBUG] [AUDUSD] SMC Tracker: Bullish Liquidity Swept. Waiting for volume injection.
2026-03-03 11:30:06 [DEBUG] Process Error on AUDUSD: 'AnalysisResponse' object has no attribute 'trend'
2026-03-03 11:30:06 [DEBUG] [NZDUSD] SMC Tracker: Bullish Liquidity Swept. Waiting for volume injection.
2026-03-03 11:30:06 [DEBUG] Process Error on NZDUSD: 'AnalysisResponse' object has no attribute 'trend'
2026-03-03 11:30:06 [DEBUG] [XAUUSD] SMC Tracker: Price ranging inside structure. No sweeps detected.
2026-03-03 11:30:06 [DEBUG] Process Error on XAUUSD: 'AnalysisResponse' object has no attribute 'trend'
2026-03-03 11:31:06 [DEBUG] [EURUSD] SMC Tracker: Bullish Liquidity Swept. Waiting for volume injection.
2026-03-03 11:31:06 [DEBUG] Process Error on EURUSD: 'AnalysisResponse' object has no attribute 'trend'
2026-03-03 11:31:06 [DEBUG] [GBPUSD] SMC Tracker: Bullish Liquidity Swept. Waiting for volume injection.
2026-03-03 11:31:06 [DEBUG] Process Error on GBPUSD: 'AnalysisResponse' object has no attribute 'trend'
2026-03-03 11:31:06 [DEBUG] [USDJPY] SMC Tracker: Bearish Liquidity Swept. Waiting for volume injection.
2026-03-03 11:31:06 [DEBUG] Process Error on USDJPY: 'AnalysisResponse' object has no attribute 'trend'
2026-03-03 11:31:06 [DEBUG] [USDCAD] SMC Tracker: Bearish Liquidity Swept. Waiting for volume injection.
2026-03-03 11:31:06 [DEBUG] Process Error on USDCAD: 'AnalysisResponse' object has no attribute 'trend'
2026-03-03 11:31:06 [DEBUG] [USDCHF] SMC Tracker: Bearish Liquidity Swept. Waiting for volume injection.
2026-03-03 11:31:06 [DEBUG] Process Error on USDCHF: 'AnalysisResponse' object has no attribute 'trend'
2026-03-03 11:31:06 [DEBUG] [AUDUSD] SMC Tracker: Bullish Liquidity Swept. Waiting for volume injection.
2026-03-03 11:31:06 [DEBUG] Process Error on AUDUSD: 'AnalysisResponse' object has no attribute 'trend'
2026-03-03 11:31:06 [DEBUG] [NZDUSD] SMC Tracker: Bullish Liquidity Swept. Waiting for volume injection.
2026-03-03 11:31:06 [DEBUG] Process Error on NZDUSD: 'AnalysisResponse' object has no attribute 'trend'
2026-03-03 11:31:06 [DEBUG] [XAUUSD] SMC Tracker: Price ranging inside structure. No sweeps detected.
2026-03-03 11:31:06 [DEBUG] Process Error on XAUUSD: 'AnalysisResponse' object has no attribute 'trend'
2026-03-03 11:31:34 [INFO] Stopped.
2026-03-03 11:31:36 [INFO] ✅ TradeCore v51.0: Engine Active. Monitoring 8 Assets.
2026-03-03 11:32:38 [DEBUG] [EURUSD] SMC Tracker: Bullish Liquidity Swept. Waiting for volume injection.
2026-03-03 11:32:38 [DEBUG] Process Error on EURUSD: 'AnalysisResponse' object has no attribute 'trend'
2026-03-03 11:32:38 [DEBUG] [GBPUSD] SMC Tracker: Bullish Liquidity Swept. Waiting for volume injection.
2026-03-03 11:32:38 [DEBUG] Process Error on GBPUSD: 'AnalysisResponse' object has no attribute 'trend'
2026-03-03 11:32:38 [DEBUG] [USDJPY] SMC Tracker: Bearish Liquidity Swept. Waiting for volume injection.
2026-03-03 11:32:38 [DEBUG] Process Error on USDJPY: 'AnalysisResponse' object has no attribute 'trend'
2026-03-03 11:32:38 [DEBUG] [USDCAD] SMC Tracker: Bearish Liquidity Swept. Waiting for volume injection.
2026-03-03 11:32:38 [DEBUG] Process Error on USDCAD: 'AnalysisResponse' object has no attribute 'trend'
2026-03-03 11:32:38 [DEBUG] [USDCHF] SMC Tracker: Bearish Liquidity Swept. Waiting for volume injection.
2026-03-03 11:32:38 [DEBUG] Process Error on USDCHF: 'AnalysisResponse' object has no attribute 'trend'
2026-03-03 11:32:38 [DEBUG] [AUDUSD] SMC Tracker: Bullish Liquidity Swept. Waiting for volume injection.
2026-03-03 11:32:38 [DEBUG] Process Error on AUDUSD: 'AnalysisResponse' object has no attribute 'trend'
2026-03-03 11:32:38 [DEBUG] [NZDUSD] SMC Tracker: Bullish Liquidity Swept. Waiting for volume injection.
2026-03-03 11:32:38 [DEBUG] Process Error on NZDUSD: 'AnalysisResponse' object has no attribute 'trend'
2026-03-03 11:32:38 [DEBUG] [XAUUSD] SMC Tracker: Price ranging inside structure. No sweeps detected.
2026-03-03 11:32:38 [DEBUG] Process Error on XAUUSD: 'AnalysisResponse' object has no attribute 'trend'
2026-03-03 11:33:38 [DEBUG] [EURUSD] SMC Tracker: Bullish Liquidity Swept. Waiting for volume injection.
2026-03-03 11:33:38 [DEBUG] Process Error on EURUSD: 'AnalysisResponse' object has no attribute 'trend'
2026-03-03 11:33:38 [DEBUG] [GBPUSD] SMC Tracker: Bullish Liquidity Swept. Waiting for volume injection.
2026-03-03 11:33:38 [DEBUG] Process Error on GBPUSD: 'AnalysisResponse' object has no attribute 'trend'
2026-03-03 11:33:38 [DEBUG] [USDJPY] SMC Tracker: Bearish Liquidity Swept. Waiting for volume injection.
2026-03-03 11:33:38 [DEBUG] Process Error on USDJPY: 'AnalysisResponse' object has no attribute 'trend'
2026-03-03 11:33:38 [DEBUG] [USDCAD] SMC Tracker: Bearish Liquidity Swept. Waiting for volume injection.
2026-03-03 11:33:38 [DEBUG] Process Error on USDCAD: 'AnalysisResponse' object has no attribute 'trend'
2026-03-03 11:33:38 [DEBUG] [USDCHF] SMC Tracker: Bearish Liquidity Swept. Waiting for volume injection.
2026-03-03 11:33:38 [DEBUG] Process Error on USDCHF: 'AnalysisResponse' object has no attribute 'trend'
2026-03-03 11:33:38 [DEBUG] [AUDUSD] SMC Tracker: Bullish Liquidity Swept. Waiting for volume injection.
2026-03-03 11:33:38 [DEBUG] Process Error on AUDUSD: 'AnalysisResponse' object has no attribute 'trend'
2026-03-03 11:33:38 [DEBUG] [NZDUSD] SMC Tracker: Bullish Liquidity Swept. Waiting for volume injection.
2026-03-03 11:33:38 [DEBUG] Process Error on NZDUSD: 'AnalysisResponse' object has no attribute 'trend'
2026-03-03 11:33:38 [DEBUG] [XAUUSD] SMC Tracker: Price ranging inside structure. No sweeps detected.
2026-03-03 11:33:38 [DEBUG] Process Error on XAUUSD: 'AnalysisResponse' object has no attribute 'trend'
2026-03-03 11:34:38 [DEBUG] [EURUSD] SMC Tracker: Bullish Liquidity Swept. Waiting for volume injection.
2026-03-03 11:34:38 [DEBUG] Process Error on EURUSD: 'AnalysisResponse' object has no attribute 'trend'
2026-03-03 11:34:38 [DEBUG] [GBPUSD] SMC Tracker: Bullish Liquidity Swept. Waiting for volume injection.
2026-03-03 11:34:38 [DEBUG] Process Error on GBPUSD: 'AnalysisResponse' object has no attribute 'trend'
2026-03-03 11:34:38 [DEBUG] [USDJPY] SMC Tracker: Bearish Liquidity Swept. Waiting for volume injection.
2026-03-03 11:34:38 [DEBUG] Process Error on USDJPY: 'AnalysisResponse' object has no attribute 'trend'
2026-03-03 11:34:38 [DEBUG] [USDCAD] SMC Tracker: Bearish Liquidity Swept. Waiting for volume injection.
2026-03-03 11:34:38 [DEBUG] Process Error on USDCAD: 'AnalysisResponse' object has no attribute 'trend'
2026-03-03 11:34:38 [DEBUG] [USDCHF] SMC Tracker: Bearish Liquidity Swept. Waiting for volume injection.
2026-03-03 11:34:38 [DEBUG] Process Error on USDCHF: 'AnalysisResponse' object has no attribute 'trend'
2026-03-03 11:34:38 [DEBUG] [AUDUSD] SMC Tracker: Bullish Liquidity Swept. Waiting for volume injection.
2026-03-03 11:34:38 [DEBUG] Process Error on AUDUSD: 'AnalysisResponse' object has no attribute 'trend'
2026-03-03 11:34:38 [DEBUG] [NZDUSD] SMC Tracker: Bullish Liquidity Swept. Waiting for volume injection.
2026-03-03 11:34:38 [DEBUG] Process Error on NZDUSD: 'AnalysisResponse' object has no attribute 'trend'
2026-03-03 11:34:38 [DEBUG] [XAUUSD] SMC Tracker: Price ranging inside structure. No sweeps detected.
2026-03-03 11:34:38 [DEBUG] Process Error on XAUUSD: 'AnalysisResponse' object has no attribute 'trend'
2026-03-03 11:35:38 [DEBUG] [EURUSD] SMC Tracker: Bullish Liquidity Swept. Waiting for volume injection.
2026-03-03 11:35:38 [DEBUG] Process Error on EURUSD: 'AnalysisResponse' object has no attribute 'trend'
2026-03-03 11:35:38 [DEBUG] [GBPUSD] SMC Tracker: Bullish Liquidity Swept. Waiting for volume injection.
2026-03-03 11:35:38 [DEBUG] Process Error on GBPUSD: 'AnalysisResponse' object has no attribute 'trend'
2026-03-03 11:35:38 [DEBUG] [USDJPY] SMC Tracker: Bearish Liquidity Swept. Waiting for volume injection.
2026-03-03 11:35:38 [DEBUG] Process Error on USDJPY: 'AnalysisResponse' object has no attribute 'trend'
2026-03-03 11:35:38 [DEBUG] [USDCAD] SMC Tracker: Bearish Liquidity Swept. Waiting for volume injection.
2026-03-03 11:35:38 [DEBUG] Process Error on USDCAD: 'AnalysisResponse' object has no attribute 'trend'
2026-03-03 11:35:38 [DEBUG] [USDCHF] SMC Tracker: Bearish Liquidity Swept. Waiting for volume injection.
2026-03-03 11:35:38 [DEBUG] Process Error on USDCHF: 'AnalysisResponse' object has no attribute 'trend'
2026-03-03 11:35:38 [DEBUG] [AUDUSD] SMC Tracker: Bullish Liquidity Swept. Waiting for volume injection.
2026-03-03 11:35:38 [DEBUG] Process Error on AUDUSD: 'AnalysisResponse' object has no attribute 'trend'
2026-03-03 11:35:38 [DEBUG] [NZDUSD] SMC Tracker: Bullish Liquidity Swept. Waiting for volume injection.
2026-03-03 11:35:38 [DEBUG] Process Error on NZDUSD: 'AnalysisResponse' object has no attribute 'trend'
2026-03-03 11:35:38 [DEBUG] [XAUUSD] SMC Tracker: Price ranging inside structure. No sweeps detected.
2026-03-03 11:35:38 [DEBUG] Process Error on XAUUSD: 'AnalysisResponse' object has no attribute 'trend'
2026-03-03 11:36:38 [DEBUG] [EURUSD] SMC Tracker: Bullish Liquidity Swept. Waiting for volume injection.
2026-03-03 11:36:38 [DEBUG] Process Error on EURUSD: 'AnalysisResponse' object has no attribute 'trend'
2026-03-03 11:36:38 [DEBUG] [GBPUSD] SMC Tracker: Bullish Liquidity Swept. Waiting for volume injection.
2026-03-03 11:36:38 [DEBUG] Process Error on GBPUSD: 'AnalysisResponse' object has no attribute 'trend'
2026-03-03 11:36:38 [DEBUG] [USDJPY] SMC Tracker: Bearish Liquidity Swept. Waiting for volume injection.
2026-03-03 11:36:38 [DEBUG] Process Error on USDJPY: 'AnalysisResponse' object has no attribute 'trend'
2026-03-03 11:36:38 [DEBUG] [USDCAD] SMC Tracker: Bearish Liquidity Swept. Waiting for volume injection.
2026-03-03 11:36:38 [DEBUG] Process Error on USDCAD: 'AnalysisResponse' object has no attribute 'trend'
2026-03-03 11:36:38 [DEBUG] [USDCHF] SMC Tracker: Bearish Liquidity Swept. Waiting for volume injection.
2026-03-03 11:36:38 [DEBUG] Process Error on USDCHF: 'AnalysisResponse' object has no attribute 'trend'
2026-03-03 11:36:38 [DEBUG] [AUDUSD] SMC Tracker: Bullish Liquidity Swept. Waiting for volume injection.
2026-03-03 11:36:38 [DEBUG] Process Error on AUDUSD: 'AnalysisResponse' object has no attribute 'trend'
2026-03-03 11:36:38 [DEBUG] [NZDUSD] SMC Tracker: Bullish Liquidity Swept. Waiting for volume injection.
2026-03-03 11:36:38 [DEBUG] Process Error on NZDUSD: 'AnalysisResponse' object has no attribute 'trend'
2026-03-03 11:36:38 [DEBUG] [XAUUSD] SMC Tracker: Price ranging inside structure. No sweeps detected.
2026-03-03 11:36:38 [DEBUG] Process Error on XAUUSD: 'AnalysisResponse' object has no attribute 'trend'
2026-03-03 11:37:38 [DEBUG] [EURUSD] SMC Tracker: Bullish Liquidity Swept. Waiting for volume injection.
2026-03-03 11:37:38 [DEBUG] Process Error on EURUSD: 'AnalysisResponse' object has no attribute 'trend'
2026-03-03 11:37:38 [DEBUG] [GBPUSD] SMC Tracker: Bullish Liquidity Swept. Waiting for volume injection.
2026-03-03 11:37:38 [DEBUG] Process Error on GBPUSD: 'AnalysisResponse' object has no attribute 'trend'
2026-03-03 11:37:38 [DEBUG] [USDJPY] SMC Tracker: Bearish Liquidity Swept. Waiting for volume injection.
2026-03-03 11:37:38 [DEBUG] Process Error on USDJPY: 'AnalysisResponse' object has no attribute 'trend'
2026-03-03 11:37:38 [DEBUG] [USDCAD] SMC Tracker: Bearish Liquidity Swept. Waiting for volume injection.
2026-03-03 11:37:38 [DEBUG] Process Error on USDCAD: 'AnalysisResponse' object has no attribute 'trend'
2026-03-03 11:37:38 [DEBUG] [USDCHF] SMC Tracker: Bearish Liquidity Swept. Waiting for volume injection.
2026-03-03 11:37:38 [DEBUG] Process Error on USDCHF: 'AnalysisResponse' object has no attribute 'trend'
2026-03-03 11:37:38 [DEBUG] [AUDUSD] SMC Tracker: Bullish Liquidity Swept. Waiting for volume injection.
2026-03-03 11:37:38 [DEBUG] Process Error on AUDUSD: 'AnalysisResponse' object has no attribute 'trend'
2026-03-03 11:37:38 [DEBUG] [NZDUSD] SMC Tracker: Bullish Liquidity Swept. Waiting for volume injection.
2026-03-03 11:37:38 [DEBUG] Process Error on NZDUSD: 'AnalysisResponse' object has no attribute 'trend'
2026-03-03 11:37:38 [DEBUG] [XAUUSD] SMC Tracker: Price ranging inside structure. No sweeps detected.
2026-03-03 11:37:38 [DEBUG] Process Error on XAUUSD: 'AnalysisResponse' object has no attribute 'trend'
2026-03-03 11:38:38 [DEBUG] [EURUSD] SMC Tracker: Bullish Liquidity Swept. Waiting for volume injection.
2026-03-03 11:38:38 [DEBUG] Process Error on EURUSD: 'AnalysisResponse' object has no attribute 'trend'
2026-03-03 11:38:38 [DEBUG] [GBPUSD] SMC Tracker: Bullish Liquidity Swept. Waiting for volume injection.
2026-03-03 11:38:38 [DEBUG] Process Error on GBPUSD: 'AnalysisResponse' object has no attribute 'trend'
2026-03-03 11:38:38 [DEBUG] [USDJPY] SMC Tracker: Bearish Liquidity Swept. Waiting for volume injection.
2026-03-03 11:38:38 [DEBUG] Process Error on USDJPY: 'AnalysisResponse' object has no attribute 'trend'
2026-03-03 11:38:38 [DEBUG] [USDCAD] SMC Tracker: Bearish Liquidity Swept. Waiting for volume injection.
2026-03-03 11:38:38 [DEBUG] Process Error on USDCAD: 'AnalysisResponse' object has no attribute 'trend'
2026-03-03 11:38:38 [DEBUG] [USDCHF] SMC Tracker: Bearish Liquidity Swept. Waiting for volume injection.
2026-03-03 11:38:38 [DEBUG] Process Error on USDCHF: 'AnalysisResponse' object has no attribute 'trend'
2026-03-03 11:38:38 [DEBUG] [AUDUSD] SMC Tracker: Bullish Liquidity Swept. Waiting for volume injection.
2026-03-03 11:38:38 [DEBUG] Process Error on AUDUSD: 'AnalysisResponse' object has no attribute 'trend'
2026-03-03 11:38:38 [DEBUG] [NZDUSD] SMC Tracker: Bullish Liquidity Swept. Waiting for volume injection.
2026-03-03 11:38:38 [DEBUG] Process Error on NZDUSD: 'AnalysisResponse' object has no attribute 'trend'
2026-03-03 11:38:38 [DEBUG] [XAUUSD] SMC Tracker: Price ranging inside structure. No sweeps detected.
2026-03-03 11:38:38 [DEBUG] Process Error on XAUUSD: 'AnalysisResponse' object has no attribute 'trend'
2026-03-03 11:39:38 [DEBUG] [EURUSD] SMC Tracker: Bullish Liquidity Swept. Waiting for volume injection.
2026-03-03 11:39:38 [DEBUG] Process Error on EURUSD: 'AnalysisResponse' object has no attribute 'trend'
2026-03-03 11:39:38 [DEBUG] [GBPUSD] SMC Tracker: Bullish Liquidity Swept. Waiting for volume injection.
2026-03-03 11:39:38 [DEBUG] Process Error on GBPUSD: 'AnalysisResponse' object has no attribute 'trend'
2026-03-03 11:39:38 [DEBUG] [USDJPY] SMC Tracker: Bearish Liquidity Swept. Waiting for volume injection.
2026-03-03 11:39:38 [DEBUG] Process Error on USDJPY: 'AnalysisResponse' object has no attribute 'trend'
2026-03-03 11:39:38 [DEBUG] [USDCAD] SMC Tracker: Bearish Liquidity Swept. Waiting for volume injection.
2026-03-03 11:39:38 [DEBUG] Process Error on USDCAD: 'AnalysisResponse' object has no attribute 'trend'
2026-03-03 11:39:38 [DEBUG] [USDCHF] SMC Tracker: Bearish Liquidity Swept. Waiting for volume injection.
2026-03-03 11:39:38 [DEBUG] Process Error on USDCHF: 'AnalysisResponse' object has no attribute 'trend'
2026-03-03 11:39:38 [DEBUG] [AUDUSD] SMC Tracker: Bullish Liquidity Swept. Waiting for volume injection.
2026-03-03 11:39:38 [DEBUG] Process Error on AUDUSD: 'AnalysisResponse' object has no attribute 'trend'
2026-03-03 11:39:38 [DEBUG] [NZDUSD] SMC Tracker: Bullish Liquidity Swept. Waiting for volume injection.
2026-03-03 11:39:38 [DEBUG] Process Error on NZDUSD: 'AnalysisResponse' object has no attribute 'trend'
2026-03-03 11:39:38 [DEBUG] [XAUUSD] SMC Tracker: Price ranging inside structure. No sweeps detected.
2026-03-03 11:39:38 [DEBUG] Process Error on XAUUSD: 'AnalysisResponse' object has no attribute 'trend'
2026-03-03 11:40:38 [DEBUG] [EURUSD] SMC Tracker: Bullish Liquidity Swept. Waiting for volume injection.
2026-03-03 11:40:38 [DEBUG] Process Error on EURUSD: 'AnalysisResponse' object has no attribute 'trend'
2026-03-03 11:40:38 [DEBUG] [GBPUSD] SMC Tracker: Bullish Liquidity Swept. Waiting for volume injection.
2026-03-03 11:40:38 [DEBUG] Process Error on GBPUSD: 'AnalysisResponse' object has no attribute 'trend'
2026-03-03 11:40:38 [DEBUG] [USDJPY] SMC Tracker: Bearish Liquidity Swept. Waiting for volume injection.
2026-03-03 11:40:38 [DEBUG] Process Error on USDJPY: 'AnalysisResponse' object has no attribute 'trend'
2026-03-03 11:40:38 [DEBUG] [USDCAD] SMC Tracker: Bearish Liquidity Swept. Waiting for volume injection.
2026-03-03 11:40:38 [DEBUG] Process Error on USDCAD: 'AnalysisResponse' object has no attribute 'trend'
2026-03-03 11:40:38 [DEBUG] [USDCHF] SMC Tracker: Bearish Liquidity Swept. Waiting for volume injection.
2026-03-03 11:40:38 [DEBUG] Process Error on USDCHF: 'AnalysisResponse' object has no attribute 'trend'
2026-03-03 11:40:38 [DEBUG] [AUDUSD] SMC Tracker: Bullish Liquidity Swept. Waiting for volume injection.
2026-03-03 11:40:38 [DEBUG] Process Error on AUDUSD: 'AnalysisResponse' object has no attribute 'trend'
2026-03-03 11:40:38 [DEBUG] [NZDUSD] SMC Tracker: Bullish Liquidity Swept. Waiting for volume injection.
2026-03-03 11:40:38 [DEBUG] Process Error on NZDUSD: 'AnalysisResponse' object has no attribute 'trend'
2026-03-03 11:40:38 [DEBUG] [XAUUSD] SMC Tracker: Price ranging inside structure. No sweeps detected.
2026-03-03 11:40:38 [DEBUG] Process Error on XAUUSD: 'AnalysisResponse' object has no attribute 'trend'
2026-03-03 11:41:38 [DEBUG] [EURUSD] SMC Tracker: Bullish Liquidity Swept. Waiting for volume injection.
2026-03-03 11:41:38 [DEBUG] Process Error on EURUSD: 'AnalysisResponse' object has no attribute 'trend'
2026-03-03 11:41:38 [DEBUG] [GBPUSD] SMC Tracker: Bullish Liquidity Swept. Waiting for volume injection.
2026-03-03 11:41:38 [DEBUG] Process Error on GBPUSD: 'AnalysisResponse' object has no attribute 'trend'
2026-03-03 11:41:38 [DEBUG] [USDJPY] SMC Tracker: Bearish Liquidity Swept. Waiting for volume injection.
2026-03-03 11:41:38 [DEBUG] Process Error on USDJPY: 'AnalysisResponse' object has no attribute 'trend'
2026-03-03 11:41:38 [DEBUG] [USDCAD] SMC Tracker: Bearish Liquidity Swept. Waiting for volume injection.
2026-03-03 11:41:38 [DEBUG] Process Error on USDCAD: 'AnalysisResponse' object has no attribute 'trend'
2026-03-03 11:41:38 [DEBUG] [USDCHF] SMC Tracker: Bearish Liquidity Swept. Waiting for volume injection.
2026-03-03 11:41:38 [DEBUG] Process Error on USDCHF: 'AnalysisResponse' object has no attribute 'trend'
2026-03-03 11:41:38 [DEBUG] [AUDUSD] SMC Tracker: Bullish Liquidity Swept. Waiting for volume injection.
2026-03-03 11:41:38 [DEBUG] Process Error on AUDUSD: 'AnalysisResponse' object has no attribute 'trend'
2026-03-03 11:41:38 [DEBUG] [NZDUSD] SMC Tracker: Bullish Liquidity Swept. Waiting for volume injection.
2026-03-03 11:41:38 [DEBUG] Process Error on NZDUSD: 'AnalysisResponse' object has no attribute 'trend'
2026-03-03 11:41:38 [DEBUG] [XAUUSD] SMC Tracker: Price ranging inside structure. No sweeps detected.
2026-03-03 11:41:38 [DEBUG] Process Error on XAUUSD: 'AnalysisResponse' object has no attribute 'trend'
2026-03-03 11:42:38 [DEBUG] [EURUSD] SMC Tracker: Bullish Liquidity Swept. Waiting for volume injection.
2026-03-03 11:42:38 [DEBUG] Process Error on EURUSD: 'AnalysisResponse' object has no attribute 'trend'
2026-03-03 11:42:38 [DEBUG] [GBPUSD] SMC Tracker: Bullish Liquidity Swept. Waiting for volume injection.
2026-03-03 11:42:38 [DEBUG] Process Error on GBPUSD: 'AnalysisResponse' object has no attribute 'trend'
2026-03-03 11:42:38 [DEBUG] [USDJPY] SMC Tracker: Bearish Liquidity Swept. Waiting for volume injection.
2026-03-03 11:42:38 [DEBUG] Process Error on USDJPY: 'AnalysisResponse' object has no attribute 'trend'
2026-03-03 11:42:38 [DEBUG] [USDCAD] SMC Tracker: Bearish Liquidity Swept. Waiting for volume injection.
2026-03-03 11:42:38 [DEBUG] Process Error on USDCAD: 'AnalysisResponse' object has no attribute 'trend'
2026-03-03 11:42:38 [DEBUG] [USDCHF] SMC Tracker: Bearish Liquidity Swept. Waiting for volume injection.
2026-03-03 11:42:38 [DEBUG] Process Error on USDCHF: 'AnalysisResponse' object has no attribute 'trend'
2026-03-03 11:42:38 [DEBUG] [AUDUSD] SMC Tracker: Bullish Liquidity Swept. Waiting for volume injection.
2026-03-03 11:42:38 [DEBUG] Process Error on AUDUSD: 'AnalysisResponse' object has no attribute 'trend'
2026-03-03 11:42:38 [DEBUG] [NZDUSD] SMC Tracker: Bullish Liquidity Swept. Waiting for volume injection.
2026-03-03 11:42:38 [DEBUG] Process Error on NZDUSD: 'AnalysisResponse' object has no attribute 'trend'
2026-03-03 11:42:38 [DEBUG] [XAUUSD] SMC Tracker: Price ranging inside structure. No sweeps detected.
2026-03-03 11:42:38 [DEBUG] Process Error on XAUUSD: 'AnalysisResponse' object has no attribute 'trend'
2026-03-03 11:43:17 [INFO] Stopped.
2026-03-03 11:43:19 [INFO] ✅ TradeCore v51.0: Engine Active. Monitoring 8 Assets.
2026-03-03 11:44:21 [DEBUG] [EURUSD] SMC Tracker: Bullish Liquidity Swept. Waiting for volume injection.
2026-03-03 11:44:21 [DEBUG] Process Error on EURUSD: 'AnalysisResponse' object has no attribute 'trend'
2026-03-03 11:44:21 [DEBUG] [GBPUSD] SMC Tracker: Bullish Liquidity Swept. Waiting for volume injection.
2026-03-03 11:44:21 [DEBUG] Process Error on GBPUSD: 'AnalysisResponse' object has no attribute 'trend'
2026-03-03 11:44:21 [DEBUG] [USDJPY] SMC Tracker: Bearish Liquidity Swept. Waiting for volume injection.
2026-03-03 11:44:21 [DEBUG] Process Error on USDJPY: 'AnalysisResponse' object has no attribute 'trend'
2026-03-03 11:44:21 [DEBUG] [USDCAD] SMC Tracker: Bearish Liquidity Swept. Waiting for volume injection.
2026-03-03 11:44:21 [DEBUG] Process Error on USDCAD: 'AnalysisResponse' object has no attribute 'trend'
2026-03-03 11:44:21 [DEBUG] [USDCHF] SMC Tracker: Bearish Liquidity Swept. Waiting for volume injection.
2026-03-03 11:44:21 [DEBUG] Process Error on USDCHF: 'AnalysisResponse' object has no attribute 'trend'
2026-03-03 11:44:22 [DEBUG] [AUDUSD] SMC Tracker: Bullish Liquidity Swept. Waiting for volume injection.
2026-03-03 11:44:22 [DEBUG] Process Error on AUDUSD: 'AnalysisResponse' object has no attribute 'trend'
2026-03-03 11:44:22 [DEBUG] [NZDUSD] SMC Tracker: Bullish Liquidity Swept. Waiting for volume injection.
2026-03-03 11:44:22 [DEBUG] Process Error on NZDUSD: 'AnalysisResponse' object has no attribute 'trend'
2026-03-03 11:44:22 [DEBUG] [XAUUSD] SMC Tracker: Price ranging inside structure. No sweeps detected.
2026-03-03 11:44:22 [DEBUG] Process Error on XAUUSD: 'AnalysisResponse' object has no attribute 'trend'
2026-03-03 11:45:21 [DEBUG] [EURUSD] SMC Tracker: Bullish Liquidity Swept. Waiting for volume injection.
2026-03-03 11:45:21 [DEBUG] Process Error on EURUSD: 'AnalysisResponse' object has no attribute 'trend'
2026-03-03 11:45:21 [DEBUG] [GBPUSD] SMC Tracker: Bullish Liquidity Swept. Waiting for volume injection.
2026-03-03 11:45:21 [DEBUG] Process Error on GBPUSD: 'AnalysisResponse' object has no attribute 'trend'
2026-03-03 11:45:21 [DEBUG] [USDJPY] SMC Tracker: Bearish Liquidity Swept. Waiting for volume injection.
2026-03-03 11:45:21 [DEBUG] Process Error on USDJPY: 'AnalysisResponse' object has no attribute 'trend'
2026-03-03 11:45:21 [DEBUG] [USDCAD] SMC Tracker: Bearish Liquidity Swept. Waiting for volume injection.
2026-03-03 11:45:21 [DEBUG] Process Error on USDCAD: 'AnalysisResponse' object has no attribute 'trend'
2026-03-03 11:45:21 [DEBUG] [USDCHF] SMC Tracker: Bearish Liquidity Swept. Waiting for volume injection.
2026-03-03 11:45:21 [DEBUG] Process Error on USDCHF: 'AnalysisResponse' object has no attribute 'trend'
2026-03-03 11:45:21 [DEBUG] [AUDUSD] SMC Tracker: Bullish Liquidity Swept. Waiting for volume injection.
2026-03-03 11:45:21 [DEBUG] Process Error on AUDUSD: 'AnalysisResponse' object has no attribute 'trend'
2026-03-03 11:45:22 [DEBUG] [NZDUSD] SMC Tracker: Bullish Liquidity Swept. Waiting for volume injection.
2026-03-03 11:45:22 [DEBUG] Process Error on NZDUSD: 'AnalysisResponse' object has no attribute 'trend'
2026-03-03 11:45:22 [DEBUG] [XAUUSD] SMC Tracker: Price ranging inside structure. No sweeps detected.
2026-03-03 11:45:22 [DEBUG] Process Error on XAUUSD: 'AnalysisResponse' object has no attribute 'trend'
2026-03-03 11:46:22 [DEBUG] [EURUSD] SMC Tracker: Bullish Liquidity Swept. Waiting for volume injection.
2026-03-03 11:46:22 [DEBUG] Process Error on EURUSD: 'AnalysisResponse' object has no attribute 'trend'
2026-03-03 11:46:22 [DEBUG] [GBPUSD] SMC Tracker: Bullish Liquidity Swept. Waiting for volume injection.
2026-03-03 11:46:22 [DEBUG] Process Error on GBPUSD: 'AnalysisResponse' object has no attribute 'trend'
2026-03-03 11:46:22 [DEBUG] [USDJPY] SMC Tracker: Bearish Liquidity Swept. Waiting for volume injection.
2026-03-03 11:46:22 [DEBUG] Process Error on USDJPY: 'AnalysisResponse' object has no attribute 'trend'
2026-03-03 11:46:22 [DEBUG] [USDCAD] SMC Tracker: Bearish Liquidity Swept. Waiting for volume injection.
2026-03-03 11:46:22 [DEBUG] Process Error on USDCAD: 'AnalysisResponse' object has no attribute 'trend'
2026-03-03 11:46:22 [DEBUG] [USDCHF] SMC Tracker: Bearish Liquidity Swept. Waiting for volume injection.
2026-03-03 11:46:22 [DEBUG] Process Error on USDCHF: 'AnalysisResponse' object has no attribute 'trend'
2026-03-03 11:46:22 [DEBUG] [AUDUSD] SMC Tracker: Bullish Liquidity Swept. Waiting for volume injection.
2026-03-03 11:46:22 [DEBUG] Process Error on AUDUSD: 'AnalysisResponse' object has no attribute 'trend'
2026-03-03 11:46:22 [DEBUG] [NZDUSD] SMC Tracker: Bullish Liquidity Swept. Waiting for volume injection.
2026-03-03 11:46:22 [DEBUG] Process Error on NZDUSD: 'AnalysisResponse' object has no attribute 'trend'
2026-03-03 11:46:22 [DEBUG] [XAUUSD] SMC Tracker: Price ranging inside structure. No sweeps detected.
2026-03-03 11:46:22 [DEBUG] Process Error on XAUUSD: 'AnalysisResponse' object has no attribute 'trend'
2026-03-03 11:47:22 [DEBUG] [EURUSD] SMC Tracker: Bullish Liquidity Swept. Waiting for volume injection.
2026-03-03 11:47:22 [DEBUG] Process Error on EURUSD: 'AnalysisResponse' object has no attribute 'trend'
2026-03-03 11:47:22 [DEBUG] [GBPUSD] SMC Tracker: Bullish Liquidity Swept. Waiting for volume injection.
2026-03-03 11:47:22 [DEBUG] Process Error on GBPUSD: 'AnalysisResponse' object has no attribute 'trend'
2026-03-03 11:47:22 [DEBUG] [USDJPY] SMC Tracker: Bearish Liquidity Swept. Waiting for volume injection.
2026-03-03 11:47:22 [DEBUG] Process Error on USDJPY: 'AnalysisResponse' object has no attribute 'trend'
2026-03-03 11:47:22 [DEBUG] [USDCAD] SMC Tracker: Bearish Liquidity Swept. Waiting for volume injection.
2026-03-03 11:47:22 [DEBUG] Process Error on USDCAD: 'AnalysisResponse' object has no attribute 'trend'
2026-03-03 11:47:22 [DEBUG] [USDCHF] SMC Tracker: Bearish Liquidity Swept. Waiting for volume injection.
2026-03-03 11:47:22 [DEBUG] Process Error on USDCHF: 'AnalysisResponse' object has no attribute 'trend'
2026-03-03 11:47:22 [DEBUG] [AUDUSD] SMC Tracker: Bullish Liquidity Swept. Waiting for volume injection.
2026-03-03 11:47:22 [DEBUG] Process Error on AUDUSD: 'AnalysisResponse' object has no attribute 'trend'
2026-03-03 11:47:22 [DEBUG] [NZDUSD] SMC Tracker: Bullish Liquidity Swept. Waiting for volume injection.
2026-03-03 11:47:22 [DEBUG] Process Error on NZDUSD: 'AnalysisResponse' object has no attribute 'trend'
2026-03-03 11:47:22 [DEBUG] [XAUUSD] SMC Tracker: Price ranging inside structure. No sweeps detected.
2026-03-03 11:47:22 [DEBUG] Process Error on XAUUSD: 'AnalysisResponse' object has no attribute 'trend'
2026-03-03 11:48:22 [DEBUG] [EURUSD] SMC Tracker: Bullish Liquidity Swept. Waiting for volume injection.
2026-03-03 11:48:22 [DEBUG] Process Error on EURUSD: 'AnalysisResponse' object has no attribute 'trend'
2026-03-03 11:48:22 [DEBUG] [GBPUSD] SMC Tracker: Bullish Liquidity Swept. Waiting for volume injection.
2026-03-03 11:48:22 [DEBUG] Process Error on GBPUSD: 'AnalysisResponse' object has no attribute 'trend'
2026-03-03 11:48:22 [DEBUG] [USDJPY] SMC Tracker: Bearish Liquidity Swept. Waiting for volume injection.
2026-03-03 11:48:22 [DEBUG] Process Error on USDJPY: 'AnalysisResponse' object has no attribute 'trend'
2026-03-03 11:48:22 [DEBUG] [USDCAD] SMC Tracker: Bearish Liquidity Swept. Waiting for volume injection.
2026-03-03 11:48:22 [DEBUG] Process Error on USDCAD: 'AnalysisResponse' object has no attribute 'trend'
2026-03-03 11:48:22 [DEBUG] [USDCHF] SMC Tracker: Bearish Liquidity Swept. Waiting for volume injection.
2026-03-03 11:48:22 [DEBUG] Process Error on USDCHF: 'AnalysisResponse' object has no attribute 'trend'
2026-03-03 11:48:22 [DEBUG] [AUDUSD] SMC Tracker: Bullish Liquidity Swept. Waiting for volume injection.
2026-03-03 11:48:22 [DEBUG] Process Error on AUDUSD: 'AnalysisResponse' object has no attribute 'trend'
2026-03-03 11:48:22 [DEBUG] [NZDUSD] SMC Tracker: Bullish Liquidity Swept. Waiting for volume injection.
2026-03-03 11:48:22 [DEBUG] Process Error on NZDUSD: 'AnalysisResponse' object has no attribute 'trend'
2026-03-03 11:48:22 [DEBUG] [XAUUSD] SMC Tracker: Price ranging inside structure. No sweeps detected.
2026-03-03 11:48:22 [DEBUG] Process Error on XAUUSD: 'AnalysisResponse' object has no attribute 'trend'
2026-03-03 11:49:22 [DEBUG] [EURUSD] SMC Tracker: Bullish Liquidity Swept. Waiting for volume injection.
2026-03-03 11:49:22 [DEBUG] Process Error on EURUSD: 'AnalysisResponse' object has no attribute 'trend'
2026-03-03 11:49:22 [DEBUG] [GBPUSD] SMC Tracker: Bullish Liquidity Swept. Waiting for volume injection.
2026-03-03 11:49:22 [DEBUG] Process Error on GBPUSD: 'AnalysisResponse' object has no attribute 'trend'
2026-03-03 11:49:22 [DEBUG] [USDJPY] SMC Tracker: Bearish Liquidity Swept. Waiting for volume injection.
2026-03-03 11:49:22 [DEBUG] Process Error on USDJPY: 'AnalysisResponse' object has no attribute 'trend'
2026-03-03 11:49:22 [DEBUG] [USDCAD] SMC Tracker: Bearish Liquidity Swept. Waiting for volume injection.
2026-03-03 11:49:22 [DEBUG] Process Error on USDCAD: 'AnalysisResponse' object has no attribute 'trend'
2026-03-03 11:49:22 [DEBUG] [USDCHF] SMC Tracker: Bearish Liquidity Swept. Waiting for volume injection.
2026-03-03 11:49:22 [DEBUG] Process Error on USDCHF: 'AnalysisResponse' object has no attribute 'trend'
2026-03-03 11:49:22 [DEBUG] [AUDUSD] SMC Tracker: Bullish Liquidity Swept. Waiting for volume injection.
2026-03-03 11:49:22 [DEBUG] Process Error on AUDUSD: 'AnalysisResponse' object has no attribute 'trend'
2026-03-03 11:49:22 [DEBUG] [NZDUSD] SMC Tracker: Bullish Liquidity Swept. Waiting for volume injection.
2026-03-03 11:49:22 [DEBUG] Process Error on NZDUSD: 'AnalysisResponse' object has no attribute 'trend'
2026-03-03 11:49:22 [DEBUG] [XAUUSD] SMC Tracker: Price ranging inside structure. No sweeps detected.
2026-03-03 11:49:22 [DEBUG] Process Error on XAUUSD: 'AnalysisResponse' object has no attribute 'trend'
2026-03-03 11:50:22 [DEBUG] [EURUSD] SMC Tracker: Bullish Liquidity Swept. Waiting for volume injection.
2026-03-03 11:50:22 [DEBUG] Process Error on EURUSD: 'AnalysisResponse' object has no attribute 'trend'
2026-03-03 11:50:22 [DEBUG] [GBPUSD] SMC Tracker: Bullish Liquidity Swept. Waiting for volume injection.
2026-03-03 11:50:22 [DEBUG] Process Error on GBPUSD: 'AnalysisResponse' object has no attribute 'trend'
2026-03-03 11:50:22 [DEBUG] [USDJPY] SMC Tracker: Bearish Liquidity Swept. Waiting for volume injection.
2026-03-03 11:50:22 [DEBUG] Process Error on USDJPY: 'AnalysisResponse' object has no attribute 'trend'
2026-03-03 11:50:22 [DEBUG] [USDCAD] SMC Tracker: Bearish Liquidity Swept. Waiting for volume injection.
2026-03-03 11:50:22 [DEBUG] Process Error on USDCAD: 'AnalysisResponse' object has no attribute 'trend'
2026-03-03 11:50:22 [DEBUG] [USDCHF] SMC Tracker: Bearish Liquidity Swept. Waiting for volume injection.
2026-03-03 11:50:22 [DEBUG] Process Error on USDCHF: 'AnalysisResponse' object has no attribute 'trend'
2026-03-03 11:50:22 [DEBUG] [AUDUSD] SMC Tracker: Bullish Liquidity Swept. Waiting for volume injection.
2026-03-03 11:50:22 [DEBUG] Process Error on AUDUSD: 'AnalysisResponse' object has no attribute 'trend'
2026-03-03 11:50:22 [DEBUG] [NZDUSD] SMC Tracker: Bullish Liquidity Swept. Waiting for volume injection.
2026-03-03 11:50:22 [DEBUG] Process Error on NZDUSD: 'AnalysisResponse' object has no attribute 'trend'
2026-03-03 11:50:22 [DEBUG] [XAUUSD] SMC Tracker: Price ranging inside structure. No sweeps detected.
2026-03-03 11:50:22 [DEBUG] Process Error on XAUUSD: 'AnalysisResponse' object has no attribute 'trend'
2026-03-03 11:51:22 [DEBUG] [EURUSD] SMC Tracker: Bullish Liquidity Swept. Waiting for volume injection.
2026-03-03 11:51:22 [DEBUG] Process Error on EURUSD: 'AnalysisResponse' object has no attribute 'trend'
2026-03-03 11:51:22 [DEBUG] [GBPUSD] SMC Tracker: Bullish Liquidity Swept. Waiting for volume injection.
2026-03-03 11:51:22 [DEBUG] Process Error on GBPUSD: 'AnalysisResponse' object has no attribute 'trend'
2026-03-03 11:51:22 [DEBUG] [USDJPY] SMC Tracker: Bearish Liquidity Swept. Waiting for volume injection.
2026-03-03 11:51:22 [DEBUG] Process Error on USDJPY: 'AnalysisResponse' object has no attribute 'trend'
2026-03-03 11:51:22 [DEBUG] [USDCAD] SMC Tracker: Bearish Liquidity Swept. Waiting for volume injection.
2026-03-03 11:51:22 [DEBUG] Process Error on USDCAD: 'AnalysisResponse' object has no attribute 'trend'
2026-03-03 11:51:22 [DEBUG] [USDCHF] SMC Tracker: Bearish Liquidity Swept. Waiting for volume injection.
2026-03-03 11:51:22 [DEBUG] Process Error on USDCHF: 'AnalysisResponse' object has no attribute 'trend'
2026-03-03 11:51:22 [DEBUG] [AUDUSD] SMC Tracker: Bullish Liquidity Swept. Waiting for volume injection.
2026-03-03 11:51:22 [DEBUG] Process Error on AUDUSD: 'AnalysisResponse' object has no attribute 'trend'
2026-03-03 11:51:22 [DEBUG] [NZDUSD] SMC Tracker: Bullish Liquidity Swept. Waiting for volume injection.
2026-03-03 11:51:22 [DEBUG] Process Error on NZDUSD: 'AnalysisResponse' object has no attribute 'trend'
2026-03-03 11:51:22 [DEBUG] [XAUUSD] SMC Tracker: Price ranging inside structure. No sweeps detected.
2026-03-03 11:51:22 [DEBUG] Process Error on XAUUSD: 'AnalysisResponse' object has no attribute 'trend'
2026-03-03 11:52:22 [DEBUG] [EURUSD] SMC Tracker: Bullish Liquidity Swept. Waiting for volume injection.
2026-03-03 11:52:22 [DEBUG] Process Error on EURUSD: 'AnalysisResponse' object has no attribute 'trend'
2026-03-03 11:52:22 [DEBUG] [GBPUSD] SMC Tracker: Bullish Liquidity Swept. Waiting for volume injection.
2026-03-03 11:52:22 [DEBUG] Process Error on GBPUSD: 'AnalysisResponse' object has no attribute 'trend'
2026-03-03 11:52:22 [DEBUG] [USDJPY] SMC Tracker: Bearish Liquidity Swept. Waiting for volume injection.
2026-03-03 11:52:22 [DEBUG] Process Error on USDJPY: 'AnalysisResponse' object has no attribute 'trend'
2026-03-03 11:52:22 [DEBUG] [USDCAD] SMC Tracker: Bearish Liquidity Swept. Waiting for volume injection.
2026-03-03 11:52:22 [DEBUG] Process Error on USDCAD: 'AnalysisResponse' object has no attribute 'trend'
2026-03-03 11:52:22 [DEBUG] [USDCHF] SMC Tracker: Bearish Liquidity Swept. Waiting for volume injection.
2026-03-03 11:52:22 [DEBUG] Process Error on USDCHF: 'AnalysisResponse' object has no attribute 'trend'
2026-03-03 11:52:22 [DEBUG] [AUDUSD] SMC Tracker: Bullish Liquidity Swept. Waiting for volume injection.
2026-03-03 11:52:22 [DEBUG] Process Error on AUDUSD: 'AnalysisResponse' object has no attribute 'trend'
2026-03-03 11:52:22 [DEBUG] [NZDUSD] SMC Tracker: Bullish Liquidity Swept. Waiting for volume injection.
2026-03-03 11:52:22 [DEBUG] Process Error on NZDUSD: 'AnalysisResponse' object has no attribute 'trend'
2026-03-03 11:52:22 [DEBUG] [XAUUSD] SMC Tracker: Price ranging inside structure. No sweeps detected.
2026-03-03 11:52:22 [DEBUG] Process Error on XAUUSD: 'AnalysisResponse' object has no attribute 'trend'
2026-03-03 11:53:22 [DEBUG] [EURUSD] SMC Tracker: Bullish Liquidity Swept. Waiting for volume injection.
2026-03-03 11:53:22 [DEBUG] Process Error on EURUSD: 'AnalysisResponse' object has no attribute 'trend'
2026-03-03 11:53:22 [DEBUG] [GBPUSD] SMC Tracker: Bullish Liquidity Swept. Waiting for volume injection.
2026-03-03 11:53:22 [DEBUG] Process Error on GBPUSD: 'AnalysisResponse' object has no attribute 'trend'
2026-03-03 11:53:22 [DEBUG] [USDJPY] SMC Tracker: Bearish Liquidity Swept. Waiting for volume injection.
2026-03-03 11:53:22 [DEBUG] Process Error on USDJPY: 'AnalysisResponse' object has no attribute 'trend'
2026-03-03 11:53:22 [DEBUG] [USDCAD] SMC Tracker: Bearish Liquidity Swept. Waiting for volume injection.
2026-03-03 11:53:22 [DEBUG] Process Error on USDCAD: 'AnalysisResponse' object has no attribute 'trend'
2026-03-03 11:53:22 [DEBUG] [USDCHF] SMC Tracker: Bearish Liquidity Swept. Waiting for volume injection.
2026-03-03 11:53:22 [DEBUG] Process Error on USDCHF: 'AnalysisResponse' object has no attribute 'trend'
2026-03-03 11:53:22 [DEBUG] [AUDUSD] SMC Tracker: Bullish Liquidity Swept. Waiting for volume injection.
2026-03-03 11:53:22 [DEBUG] Process Error on AUDUSD: 'AnalysisResponse' object has no attribute 'trend'
2026-03-03 11:53:22 [DEBUG] [NZDUSD] SMC Tracker: Bullish Liquidity Swept. Waiting for volume injection.
2026-03-03 11:53:22 [DEBUG] Process Error on NZDUSD: 'AnalysisResponse' object has no attribute 'trend'
2026-03-03 11:53:22 [DEBUG] [XAUUSD] SMC Tracker: Price ranging inside structure. No sweeps detected.
2026-03-03 11:53:22 [DEBUG] Process Error on XAUUSD: 'AnalysisResponse' object has no attribute 'trend'
2026-03-03 11:54:21 [DEBUG] [EURUSD] SMC Tracker: Bullish Liquidity Swept. Waiting for volume injection.
2026-03-03 11:54:21 [DEBUG] Process Error on EURUSD: 'AnalysisResponse' object has no attribute 'trend'
2026-03-03 11:54:21 [DEBUG] [GBPUSD] SMC Tracker: Bullish Liquidity Swept. Waiting for volume injection.
2026-03-03 11:54:21 [DEBUG] Process Error on GBPUSD: 'AnalysisResponse' object has no attribute 'trend'
2026-03-03 11:54:21 [DEBUG] [USDJPY] SMC Tracker: Bearish Liquidity Swept. Waiting for volume injection.
2026-03-03 11:54:21 [DEBUG] Process Error on USDJPY: 'AnalysisResponse' object has no attribute 'trend'
2026-03-03 11:54:21 [DEBUG] [USDCAD] SMC Tracker: Bearish Liquidity Swept. Waiting for volume injection.
2026-03-03 11:54:21 [DEBUG] Process Error on USDCAD: 'AnalysisResponse' object has no attribute 'trend'
2026-03-03 11:54:21 [DEBUG] [USDCHF] SMC Tracker: Bearish Liquidity Swept. Waiting for volume injection.
2026-03-03 11:54:21 [DEBUG] Process Error on USDCHF: 'AnalysisResponse' object has no attribute 'trend'
2026-03-03 11:54:22 [DEBUG] [AUDUSD] SMC Tracker: Bullish Liquidity Swept. Waiting for volume injection.
2026-03-03 11:54:22 [DEBUG] Process Error on AUDUSD: 'AnalysisResponse' object has no attribute 'trend'
2026-03-03 11:54:22 [DEBUG] [NZDUSD] SMC Tracker: Bullish Liquidity Swept. Waiting for volume injection.
2026-03-03 11:54:22 [DEBUG] Process Error on NZDUSD: 'AnalysisResponse' object has no attribute 'trend'
2026-03-03 11:54:22 [DEBUG] [XAUUSD] SMC Tracker: Price ranging inside structure. No sweeps detected.
2026-03-03 11:54:22 [DEBUG] Process Error on XAUUSD: 'AnalysisResponse' object has no attribute 'trend'
2026-03-03 11:55:22 [DEBUG] [EURUSD] SMC Tracker: Bullish Liquidity Swept. Waiting for volume injection.
2026-03-03 11:55:22 [DEBUG] Process Error on EURUSD: 'AnalysisResponse' object has no attribute 'trend'
2026-03-03 11:55:22 [DEBUG] [GBPUSD] SMC Tracker: Bullish Liquidity Swept. Waiting for volume injection.
2026-03-03 11:55:22 [DEBUG] Process Error on GBPUSD: 'AnalysisResponse' object has no attribute 'trend'
2026-03-03 11:55:22 [DEBUG] [USDJPY] SMC Tracker: Bearish Liquidity Swept. Waiting for volume injection.
2026-03-03 11:55:22 [DEBUG] Process Error on USDJPY: 'AnalysisResponse' object has no attribute 'trend'
2026-03-03 11:55:22 [DEBUG] [USDCAD] SMC Tracker: Bearish Liquidity Swept. Waiting for volume injection.
2026-03-03 11:55:22 [DEBUG] Process Error on USDCAD: 'AnalysisResponse' object has no attribute 'trend'
2026-03-03 11:55:22 [DEBUG] [USDCHF] SMC Tracker: Bearish Liquidity Swept. Waiting for volume injection.
2026-03-03 11:55:22 [DEBUG] Process Error on USDCHF: 'AnalysisResponse' object has no attribute 'trend'
2026-03-03 11:55:22 [DEBUG] [AUDUSD] SMC Tracker: Bullish Liquidity Swept. Waiting for volume injection.
2026-03-03 11:55:22 [DEBUG] Process Error on AUDUSD: 'AnalysisResponse' object has no attribute 'trend'
2026-03-03 11:55:22 [DEBUG] [NZDUSD] SMC Tracker: Bullish Liquidity Swept. Waiting for volume injection.
2026-03-03 11:55:22 [DEBUG] Process Error on NZDUSD: 'AnalysisResponse' object has no attribute 'trend'
2026-03-03 11:55:22 [DEBUG] [XAUUSD] SMC Tracker: Price ranging inside structure. No sweeps detected.
2026-03-03 11:55:22 [DEBUG] Process Error on XAUUSD: 'AnalysisResponse' object has no attribute 'trend'
2026-03-03 11:56:22 [DEBUG] [EURUSD] SMC Tracker: Bullish Liquidity Swept. Waiting for volume injection.
2026-03-03 11:56:22 [DEBUG] Process Error on EURUSD: 'AnalysisResponse' object has no attribute 'trend'
2026-03-03 11:56:22 [DEBUG] [GBPUSD] SMC Tracker: Bullish Liquidity Swept. Waiting for volume injection.
2026-03-03 11:56:22 [DEBUG] Process Error on GBPUSD: 'AnalysisResponse' object has no attribute 'trend'
2026-03-03 11:56:22 [DEBUG] [USDJPY] SMC Tracker: Bearish Liquidity Swept. Waiting for volume injection.
2026-03-03 11:56:22 [DEBUG] Process Error on USDJPY: 'AnalysisResponse' object has no attribute 'trend'
2026-03-03 11:56:22 [DEBUG] [USDCAD] SMC Tracker: Bearish Liquidity Swept. Waiting for volume injection.
2026-03-03 11:56:22 [DEBUG] Process Error on USDCAD: 'AnalysisResponse' object has no attribute 'trend'
2026-03-03 11:56:22 [DEBUG] [USDCHF] SMC Tracker: Bearish Liquidity Swept. Waiting for volume injection.
2026-03-03 11:56:22 [DEBUG] Process Error on USDCHF: 'AnalysisResponse' object has no attribute 'trend'
2026-03-03 11:56:22 [DEBUG] [AUDUSD] SMC Tracker: Bullish Liquidity Swept. Waiting for volume injection.
2026-03-03 11:56:22 [DEBUG] Process Error on AUDUSD: 'AnalysisResponse' object has no attribute 'trend'
2026-03-03 11:56:22 [DEBUG] [NZDUSD] SMC Tracker: Bullish Liquidity Swept. Waiting for volume injection.
2026-03-03 11:56:22 [DEBUG] Process Error on NZDUSD: 'AnalysisResponse' object has no attribute 'trend'
2026-03-03 11:56:22 [DEBUG] [XAUUSD] SMC Tracker: Price ranging inside structure. No sweeps detected.
2026-03-03 11:56:22 [DEBUG] Process Error on XAUUSD: 'AnalysisResponse' object has no attribute 'trend'
2026-03-03 11:57:22 [DEBUG] [EURUSD] SMC Tracker: Bullish Liquidity Swept. Waiting for volume injection.
2026-03-03 11:57:22 [DEBUG] Process Error on EURUSD: 'AnalysisResponse' object has no attribute 'trend'
2026-03-03 11:57:22 [DEBUG] [GBPUSD] SMC Tracker: Bullish Liquidity Swept. Waiting for volume injection.
2026-03-03 11:57:22 [DEBUG] Process Error on GBPUSD: 'AnalysisResponse' object has no attribute 'trend'
2026-03-03 11:57:22 [DEBUG] [USDJPY] SMC Tracker: Bearish Liquidity Swept. Waiting for volume injection.
2026-03-03 11:57:22 [DEBUG] Process Error on USDJPY: 'AnalysisResponse' object has no attribute 'trend'
2026-03-03 11:57:22 [DEBUG] [USDCAD] SMC Tracker: Bearish Liquidity Swept. Waiting for volume injection.
2026-03-03 11:57:22 [DEBUG] Process Error on USDCAD: 'AnalysisResponse' object has no attribute 'trend'
2026-03-03 11:57:22 [DEBUG] [USDCHF] SMC Tracker: Bearish Liquidity Swept. Waiting for volume injection.
2026-03-03 11:57:22 [DEBUG] Process Error on USDCHF: 'AnalysisResponse' object has no attribute 'trend'
2026-03-03 11:57:22 [DEBUG] [AUDUSD] SMC Tracker: Bullish Liquidity Swept. Waiting for volume injection.
2026-03-03 11:57:22 [DEBUG] Process Error on AUDUSD: 'AnalysisResponse' object has no attribute 'trend'
2026-03-03 11:57:22 [DEBUG] [NZDUSD] SMC Tracker: Bullish Liquidity Swept. Waiting for volume injection.
2026-03-03 11:57:22 [DEBUG] Process Error on NZDUSD: 'AnalysisResponse' object has no attribute 'trend'
2026-03-03 11:57:22 [DEBUG] [XAUUSD] SMC Tracker: Price ranging inside structure. No sweeps detected.
2026-03-03 11:57:22 [DEBUG] Process Error on XAUUSD: 'AnalysisResponse' object has no attribute 'trend'
2026-03-03 11:57:54 [INFO] Stopped.
2026-03-03 11:57:56 [INFO] ✅ TradeCore v51.0: Engine Active. Monitoring 8 Assets.
2026-03-03 11:58:57 [DEBUG] [EURUSD] SMC Tracker: Bullish Liquidity Swept. Waiting for volume injection.
2026-03-03 11:58:57 [DEBUG] Process Error on EURUSD: 'AnalysisResponse' object has no attribute 'trend'
2026-03-03 11:58:57 [DEBUG] [GBPUSD] SMC Tracker: Bullish Liquidity Swept. Waiting for volume injection.
2026-03-03 11:58:57 [DEBUG] Process Error on GBPUSD: 'AnalysisResponse' object has no attribute 'trend'
2026-03-03 11:58:57 [DEBUG] [USDJPY] SMC Tracker: Bearish Liquidity Swept. Waiting for volume injection.
2026-03-03 11:58:57 [DEBUG] Process Error on USDJPY: 'AnalysisResponse' object has no attribute 'trend'
2026-03-03 11:58:57 [DEBUG] [USDCAD] SMC Tracker: Bearish Liquidity Swept. Waiting for volume injection.
2026-03-03 11:58:57 [DEBUG] Process Error on USDCAD: 'AnalysisResponse' object has no attribute 'trend'
2026-03-03 11:58:57 [DEBUG] [USDCHF] SMC Tracker: Bearish Liquidity Swept. Waiting for volume injection.
2026-03-03 11:58:57 [DEBUG] Process Error on USDCHF: 'AnalysisResponse' object has no attribute 'trend'
2026-03-03 11:58:57 [DEBUG] [AUDUSD] SMC Tracker: Bullish Liquidity Swept. Waiting for volume injection.
2026-03-03 11:58:57 [DEBUG] Process Error on AUDUSD: 'AnalysisResponse' object has no attribute 'trend'
2026-03-03 11:58:57 [DEBUG] [NZDUSD] SMC Tracker: Bullish Liquidity Swept. Waiting for volume injection.
2026-03-03 11:58:57 [DEBUG] Process Error on NZDUSD: 'AnalysisResponse' object has no attribute 'trend'
2026-03-03 11:58:57 [DEBUG] [XAUUSD] SMC Tracker: Price ranging inside structure. No sweeps detected.
2026-03-03 11:58:57 [DEBUG] Process Error on XAUUSD: 'AnalysisResponse' object has no attribute 'trend'
2026-03-03 11:59:57 [DEBUG] [EURUSD] SMC Tracker: Bullish Liquidity Swept. Waiting for volume injection.
2026-03-03 11:59:57 [DEBUG] Process Error on EURUSD: 'AnalysisResponse' object has no attribute 'trend'
2026-03-03 11:59:57 [DEBUG] [GBPUSD] SMC Tracker: Bullish Liquidity Swept. Waiting for volume injection.
2026-03-03 11:59:57 [DEBUG] Process Error on GBPUSD: 'AnalysisResponse' object has no attribute 'trend'
2026-03-03 11:59:57 [DEBUG] [USDJPY] SMC Tracker: Bearish Liquidity Swept. Waiting for volume injection.
2026-03-03 11:59:57 [DEBUG] Process Error on USDJPY: 'AnalysisResponse' object has no attribute 'trend'
2026-03-03 11:59:57 [DEBUG] [USDCAD] SMC Tracker: Bearish Liquidity Swept. Waiting for volume injection.
2026-03-03 11:59:57 [DEBUG] Process Error on USDCAD: 'AnalysisResponse' object has no attribute 'trend'
2026-03-03 11:59:57 [DEBUG] [USDCHF] SMC Tracker: Bearish Liquidity Swept. Waiting for volume injection.
2026-03-03 11:59:57 [DEBUG] Process Error on USDCHF: 'AnalysisResponse' object has no attribute 'trend'
2026-03-03 11:59:57 [DEBUG] [AUDUSD] SMC Tracker: Bullish Liquidity Swept. Waiting for volume injection.
2026-03-03 11:59:57 [DEBUG] Process Error on AUDUSD: 'AnalysisResponse' object has no attribute 'trend'
2026-03-03 11:59:57 [DEBUG] [NZDUSD] SMC Tracker: Bullish Liquidity Swept. Waiting for volume injection.
2026-03-03 11:59:57 [DEBUG] Process Error on NZDUSD: 'AnalysisResponse' object has no attribute 'trend'
2026-03-03 11:59:57 [DEBUG] [XAUUSD] SMC Tracker: Price ranging inside structure. No sweeps detected.
2026-03-03 11:59:57 [DEBUG] Process Error on XAUUSD: 'AnalysisResponse' object has no attribute 'trend'
2026-03-03 12:00:57 [DEBUG] [EURUSD] SMC Tracker: Bullish Liquidity Swept. Waiting for volume injection.
2026-03-03 12:00:57 [DEBUG] Process Error on EURUSD: 'AnalysisResponse' object has no attribute 'trend'
2026-03-03 12:00:57 [DEBUG] [GBPUSD] SMC Tracker: Bullish Liquidity Swept. Waiting for volume injection.
2026-03-03 12:00:57 [DEBUG] Process Error on GBPUSD: 'AnalysisResponse' object has no attribute 'trend'
2026-03-03 12:00:57 [DEBUG] [USDJPY] SMC Tracker: Price ranging inside structure. No sweeps detected.
2026-03-03 12:00:57 [DEBUG] Process Error on USDJPY: 'AnalysisResponse' object has no attribute 'trend'
2026-03-03 12:00:57 [DEBUG] [USDCAD] SMC Tracker: Bearish Liquidity Swept. Waiting for volume injection.
2026-03-03 12:00:57 [DEBUG] Process Error on USDCAD: 'AnalysisResponse' object has no attribute 'trend'
2026-03-03 12:00:57 [DEBUG] [USDCHF] SMC Tracker: Price ranging inside structure. No sweeps detected.
2026-03-03 12:00:57 [DEBUG] Process Error on USDCHF: 'AnalysisResponse' object has no attribute 'trend'
2026-03-03 12:00:57 [DEBUG] [AUDUSD] SMC Tracker: Bullish Liquidity Swept. Waiting for volume injection.
2026-03-03 12:00:57 [DEBUG] Process Error on AUDUSD: 'AnalysisResponse' object has no attribute 'trend'
2026-03-03 12:00:57 [DEBUG] [NZDUSD] SMC Tracker: Bullish Liquidity Swept. Waiting for volume injection.
2026-03-03 12:00:57 [DEBUG] Process Error on NZDUSD: 'AnalysisResponse' object has no attribute 'trend'
2026-03-03 12:00:57 [DEBUG] [XAUUSD] SMC Tracker: Price ranging inside structure. No sweeps detected.
2026-03-03 12:00:57 [DEBUG] Process Error on XAUUSD: 'AnalysisResponse' object has no attribute 'trend'
2026-03-03 12:01:22 [INFO] 📩 Received Command: /status
2026-03-03 12:01:57 [DEBUG] [EURUSD] SMC Tracker: Bullish Liquidity Swept. Waiting for volume injection.
2026-03-03 12:01:57 [DEBUG] Process Error on EURUSD: 'AnalysisResponse' object has no attribute 'trend'
2026-03-03 12:01:57 [DEBUG] [GBPUSD] SMC Tracker: Bullish Liquidity Swept. Waiting for volume injection.
2026-03-03 12:01:57 [DEBUG] Process Error on GBPUSD: 'AnalysisResponse' object has no attribute 'trend'
2026-03-03 12:01:57 [DEBUG] [USDJPY] SMC Tracker: Price ranging inside structure. No sweeps detected.
2026-03-03 12:01:57 [DEBUG] Process Error on USDJPY: 'AnalysisResponse' object has no attribute 'trend'
2026-03-03 12:01:57 [DEBUG] [USDCAD] SMC Tracker: Bearish Liquidity Swept. Waiting for volume injection.
2026-03-03 12:01:57 [DEBUG] Process Error on USDCAD: 'AnalysisResponse' object has no attribute 'trend'
2026-03-03 12:01:57 [DEBUG] [USDCHF] SMC Tracker: Price ranging inside structure. No sweeps detected.
2026-03-03 12:01:57 [DEBUG] Process Error on USDCHF: 'AnalysisResponse' object has no attribute 'trend'
2026-03-03 12:01:57 [DEBUG] [AUDUSD] SMC Tracker: Bullish Liquidity Swept. Waiting for volume injection.
2026-03-03 12:01:57 [DEBUG] Process Error on AUDUSD: 'AnalysisResponse' object has no attribute 'trend'
2026-03-03 12:01:57 [DEBUG] [NZDUSD] SMC Tracker: Bullish Liquidity Swept. Waiting for volume injection.
2026-03-03 12:01:57 [DEBUG] Process Error on NZDUSD: 'AnalysisResponse' object has no attribute 'trend'
2026-03-03 12:01:57 [DEBUG] [XAUUSD] SMC Tracker: Price ranging inside structure. No sweeps detected.
2026-03-03 12:01:57 [DEBUG] Process Error on XAUUSD: 'AnalysisResponse' object has no attribute 'trend'
2026-03-03 12:02:58 [DEBUG] [EURUSD] SMC Tracker: Bullish Liquidity Swept. Waiting for volume injection.
2026-03-03 12:02:58 [DEBUG] Process Error on EURUSD: 'AnalysisResponse' object has no attribute 'trend'
2026-03-03 12:02:58 [DEBUG] [GBPUSD] SMC Tracker: Bullish Liquidity Swept. Waiting for volume injection.
2026-03-03 12:02:58 [DEBUG] Process Error on GBPUSD: 'AnalysisResponse' object has no attribute 'trend'
2026-03-03 12:02:58 [DEBUG] [USDJPY] SMC Tracker: Price ranging inside structure. No sweeps detected.
2026-03-03 12:02:58 [DEBUG] Process Error on USDJPY: 'AnalysisResponse' object has no attribute 'trend'
2026-03-03 12:02:58 [DEBUG] [USDCAD] SMC Tracker: Bearish Liquidity Swept. Waiting for volume injection.
2026-03-03 12:02:58 [DEBUG] Process Error on USDCAD: 'AnalysisResponse' object has no attribute 'trend'
2026-03-03 12:02:58 [DEBUG] [USDCHF] SMC Tracker: Price ranging inside structure. No sweeps detected.
2026-03-03 12:02:58 [DEBUG] Process Error on USDCHF: 'AnalysisResponse' object has no attribute 'trend'
2026-03-03 12:02:58 [DEBUG] [AUDUSD] SMC Tracker: Bullish Liquidity Swept. Waiting for volume injection.
2026-03-03 12:02:58 [DEBUG] Process Error on AUDUSD: 'AnalysisResponse' object has no attribute 'trend'
2026-03-03 12:02:58 [DEBUG] [NZDUSD] SMC Tracker: Bullish Liquidity Swept. Waiting for volume injection.
2026-03-03 12:02:58 [DEBUG] Process Error on NZDUSD: 'AnalysisResponse' object has no attribute 'trend'
2026-03-03 12:02:58 [DEBUG] [XAUUSD] SMC Tracker: Price ranging inside structure. No sweeps detected.
2026-03-03 12:02:58 [DEBUG] Process Error on XAUUSD: 'AnalysisResponse' object has no attribute 'trend'
2026-03-03 12:03:57 [DEBUG] [EURUSD] SMC Tracker: Bullish Liquidity Swept. Waiting for volume injection.
2026-03-03 12:03:57 [DEBUG] Process Error on EURUSD: 'AnalysisResponse' object has no attribute 'trend'
2026-03-03 12:03:57 [DEBUG] [GBPUSD] SMC Tracker: Bullish Liquidity Swept. Waiting for volume injection.
2026-03-03 12:03:57 [DEBUG] Process Error on GBPUSD: 'AnalysisResponse' object has no attribute 'trend'
2026-03-03 12:03:57 [DEBUG] [USDJPY] SMC Tracker: Price ranging inside structure. No sweeps detected.
2026-03-03 12:03:57 [DEBUG] Process Error on USDJPY: 'AnalysisResponse' object has no attribute 'trend'
2026-03-03 12:03:57 [DEBUG] [USDCAD] SMC Tracker: Bearish Liquidity Swept. Waiting for volume injection.
2026-03-03 12:03:57 [DEBUG] Process Error on USDCAD: 'AnalysisResponse' object has no attribute 'trend'
2026-03-03 12:03:57 [DEBUG] [USDCHF] SMC Tracker: Price ranging inside structure. No sweeps detected.
2026-03-03 12:03:57 [DEBUG] Process Error on USDCHF: 'AnalysisResponse' object has no attribute 'trend'
2026-03-03 12:03:57 [DEBUG] [AUDUSD] SMC Tracker: Bullish Liquidity Swept. Waiting for volume injection.
2026-03-03 12:03:57 [DEBUG] Process Error on AUDUSD: 'AnalysisResponse' object has no attribute 'trend'
2026-03-03 12:03:57 [DEBUG] [NZDUSD] SMC Tracker: Bullish Liquidity Swept. Waiting for volume injection.
2026-03-03 12:03:57 [DEBUG] Process Error on NZDUSD: 'AnalysisResponse' object has no attribute 'trend'
2026-03-03 12:03:57 [DEBUG] [XAUUSD] SMC Tracker: Price ranging inside structure. No sweeps detected.
2026-03-03 12:03:57 [DEBUG] Process Error on XAUUSD: 'AnalysisResponse' object has no attribute 'trend'
2026-03-03 12:04:55 [INFO] Stopped.
2026-03-03 12:57:15 [INFO] ✅ TradeCore v51.0: Engine Active. Monitoring 8 Assets.
2026-03-03 12:57:22 [INFO] 📩 Received Command: /status
2026-03-03 12:58:19 [DEBUG] [EURUSD] SMC Tracker: Bullish Liquidity Swept. Waiting for volume injection.
2026-03-03 12:58:19 [DEBUG] Process Error on EURUSD: 'AnalysisResponse' object has no attribute 'trend'
2026-03-03 12:58:19 [DEBUG] [GBPUSD] SMC Tracker: Bullish Liquidity Swept. Waiting for volume injection.
2026-03-03 12:58:19 [DEBUG] Process Error on GBPUSD: 'AnalysisResponse' object has no attribute 'trend'
2026-03-03 12:58:19 [DEBUG] [USDJPY] SMC Tracker: Price ranging inside structure. No sweeps detected.
2026-03-03 12:58:19 [DEBUG] Process Error on USDJPY: 'AnalysisResponse' object has no attribute 'trend'
2026-03-03 12:58:19 [DEBUG] [USDCAD] SMC Tracker: Bearish Liquidity Swept. Waiting for volume injection.
2026-03-03 12:58:19 [DEBUG] Process Error on USDCAD: 'AnalysisResponse' object has no attribute 'trend'
2026-03-03 12:58:19 [DEBUG] [USDCHF] SMC Tracker: Price ranging inside structure. No sweeps detected.
2026-03-03 12:58:19 [DEBUG] Process Error on USDCHF: 'AnalysisResponse' object has no attribute 'trend'
2026-03-03 12:58:19 [DEBUG] [AUDUSD] SMC Tracker: Bullish Liquidity Swept. Waiting for volume injection.
2026-03-03 12:58:19 [DEBUG] Process Error on AUDUSD: 'AnalysisResponse' object has no attribute 'trend'
2026-03-03 12:58:19 [DEBUG] [NZDUSD] SMC Tracker: Bullish Liquidity Swept. Waiting for volume injection.
2026-03-03 12:58:19 [DEBUG] Process Error on NZDUSD: 'AnalysisResponse' object has no attribute 'trend'
2026-03-03 12:58:19 [DEBUG] [XAUUSD] SMC Tracker: Bullish FVG blocked (Low Volume Fakeout / Vacuum).
2026-03-03 12:58:19 [DEBUG] Process Error on XAUUSD: 'AnalysisResponse' object has no attribute 'trend'
2026-03-03 12:59:18 [DEBUG] [EURUSD] SMC Tracker: Bullish Liquidity Swept. Waiting for volume injection.
2026-03-03 12:59:18 [DEBUG] Process Error on EURUSD: 'AnalysisResponse' object has no attribute 'trend'
2026-03-03 12:59:18 [DEBUG] [GBPUSD] SMC Tracker: Bullish Liquidity Swept. Waiting for volume injection.
2026-03-03 12:59:18 [DEBUG] Process Error on GBPUSD: 'AnalysisResponse' object has no attribute 'trend'
2026-03-03 12:59:18 [DEBUG] [USDJPY] SMC Tracker: Bearish Liquidity Swept. Waiting for volume injection.
2026-03-03 12:59:18 [DEBUG] Process Error on USDJPY: 'AnalysisResponse' object has no attribute 'trend'
2026-03-03 12:59:19 [DEBUG] [USDCAD] SMC Tracker: Bearish Liquidity Swept. Waiting for volume injection.
2026-03-03 12:59:19 [DEBUG] Process Error on USDCAD: 'AnalysisResponse' object has no attribute 'trend'
2026-03-03 12:59:19 [DEBUG] [USDCHF] SMC Tracker: Bearish Liquidity Swept. Waiting for volume injection.
2026-03-03 12:59:19 [DEBUG] Process Error on USDCHF: 'AnalysisResponse' object has no attribute 'trend'
2026-03-03 12:59:19 [DEBUG] [AUDUSD] SMC Tracker: Bullish Liquidity Swept. Waiting for volume injection.
2026-03-03 12:59:19 [DEBUG] Process Error on AUDUSD: 'AnalysisResponse' object has no attribute 'trend'
2026-03-03 12:59:19 [DEBUG] [NZDUSD] SMC Tracker: Bullish Liquidity Swept. Waiting for volume injection.
2026-03-03 12:59:19 [DEBUG] Process Error on NZDUSD: 'AnalysisResponse' object has no attribute 'trend'
2026-03-03 12:59:19 [DEBUG] [XAUUSD] SMC Tracker: Bullish FVG blocked (Low Volume Fakeout / Vacuum).
2026-03-03 12:59:19 [DEBUG] Process Error on XAUUSD: 'AnalysisResponse' object has no attribute 'trend'
2026-03-03 13:00:18 [DEBUG] [EURUSD] SMC Tracker: Bullish Liquidity Swept. Waiting for volume injection.
2026-03-03 13:00:18 [DEBUG] Process Error on EURUSD: 'AnalysisResponse' object has no attribute 'trend'
2026-03-03 13:00:18 [DEBUG] [GBPUSD] SMC Tracker: Bullish FVG blocked (Low Volume Fakeout / Vacuum).
2026-03-03 13:00:18 [DEBUG] Process Error on GBPUSD: 'AnalysisResponse' object has no attribute 'trend'
2026-03-03 13:00:18 [DEBUG] [USDJPY] SMC Tracker: Bearish Liquidity Swept. Waiting for volume injection.
2026-03-03 13:00:18 [DEBUG] Process Error on USDJPY: 'AnalysisResponse' object has no attribute 'trend'
2026-03-03 13:00:18 [DEBUG] [USDCAD] SMC Tracker: Bearish FVG blocked (Low Volume Fakeout / Vacuum).
2026-03-03 13:00:18 [DEBUG] Process Error on USDCAD: 'AnalysisResponse' object has no attribute 'trend'
2026-03-03 13:00:18 [DEBUG] [USDCHF] SMC Tracker: Price ranging inside structure. No sweeps detected.
2026-03-03 13:00:18 [DEBUG] Process Error on USDCHF: 'AnalysisResponse' object has no attribute 'trend'
2026-03-03 13:00:18 [DEBUG] [AUDUSD] SMC Tracker: Bullish Liquidity Swept. Waiting for volume injection.
2026-03-03 13:00:18 [DEBUG] Process Error on AUDUSD: 'AnalysisResponse' object has no attribute 'trend'
2026-03-03 13:00:18 [DEBUG] [NZDUSD] SMC Tracker: Bullish Liquidity Swept. Waiting for volume injection.
2026-03-03 13:00:18 [DEBUG] Process Error on NZDUSD: 'AnalysisResponse' object has no attribute 'trend'
2026-03-03 13:00:18 [DEBUG] [XAUUSD] SMC Tracker: Price ranging inside structure. No sweeps detected.
2026-03-03 13:00:18 [DEBUG] Process Error on XAUUSD: 'AnalysisResponse' object has no attribute 'trend'
2026-03-03 13:01:19 [DEBUG] [EURUSD] SMC Tracker: Bullish Liquidity Swept. Waiting for volume injection.
2026-03-03 13:01:19 [DEBUG] Process Error on EURUSD: 'AnalysisResponse' object has no attribute 'trend'
2026-03-03 13:01:19 [DEBUG] [GBPUSD] SMC Tracker: Bullish FVG blocked (Low Volume Fakeout / Vacuum).
2026-03-03 13:01:19 [DEBUG] Process Error on GBPUSD: 'AnalysisResponse' object has no attribute 'trend'
2026-03-03 13:01:19 [DEBUG] [USDJPY] SMC Tracker: Bearish Liquidity Swept. Waiting for volume injection.
2026-03-03 13:01:19 [DEBUG] Process Error on USDJPY: 'AnalysisResponse' object has no attribute 'trend'
2026-03-03 13:01:19 [DEBUG] [USDCAD] SMC Tracker: Bearish FVG blocked (Low Volume Fakeout / Vacuum).
2026-03-03 13:01:19 [DEBUG] Process Error on USDCAD: 'AnalysisResponse' object has no attribute 'trend'
2026-03-03 13:01:19 [DEBUG] [USDCHF] SMC Tracker: Price ranging inside structure. No sweeps detected.
2026-03-03 13:01:19 [DEBUG] Process Error on USDCHF: 'AnalysisResponse' object has no attribute 'trend'
2026-03-03 13:01:19 [DEBUG] [AUDUSD] SMC Tracker: Bullish Liquidity Swept. Waiting for volume injection.
2026-03-03 13:01:19 [DEBUG] Process Error on AUDUSD: 'AnalysisResponse' object has no attribute 'trend'
2026-03-03 13:01:19 [DEBUG] [NZDUSD] SMC Tracker: Bullish Liquidity Swept. Waiting for volume injection.
2026-03-03 13:01:19 [DEBUG] Process Error on NZDUSD: 'AnalysisResponse' object has no attribute 'trend'
2026-03-03 13:01:19 [DEBUG] [XAUUSD] SMC Tracker: Price ranging inside structure. No sweeps detected.
2026-03-03 13:01:19 [DEBUG] Process Error on XAUUSD: 'AnalysisResponse' object has no attribute 'trend'
2026-03-03 13:02:18 [DEBUG] [EURUSD] SMC Tracker: Bullish Liquidity Swept. Waiting for volume injection.
2026-03-03 13:02:18 [DEBUG] Process Error on EURUSD: 'AnalysisResponse' object has no attribute 'trend'
2026-03-03 13:02:18 [DEBUG] [GBPUSD] SMC Tracker: Bullish FVG blocked (Low Volume Fakeout / Vacuum).
2026-03-03 13:02:18 [DEBUG] Process Error on GBPUSD: 'AnalysisResponse' object has no attribute 'trend'
2026-03-03 13:02:18 [DEBUG] [USDJPY] SMC Tracker: Bearish Liquidity Swept. Waiting for volume injection.
2026-03-03 13:02:18 [DEBUG] Process Error on USDJPY: 'AnalysisResponse' object has no attribute 'trend'
2026-03-03 13:02:18 [DEBUG] [USDCAD] SMC Tracker: Bearish FVG blocked (Low Volume Fakeout / Vacuum).
2026-03-03 13:02:18 [DEBUG] Process Error on USDCAD: 'AnalysisResponse' object has no attribute 'trend'
2026-03-03 13:02:18 [DEBUG] [USDCHF] SMC Tracker: Price ranging inside structure. No sweeps detected.
2026-03-03 13:02:18 [DEBUG] Process Error on USDCHF: 'AnalysisResponse' object has no attribute 'trend'
2026-03-03 13:02:18 [DEBUG] [AUDUSD] SMC Tracker: Bullish Liquidity Swept. Waiting for volume injection.
2026-03-03 13:02:18 [DEBUG] Process Error on AUDUSD: 'AnalysisResponse' object has no attribute 'trend'
2026-03-03 13:02:18 [DEBUG] [NZDUSD] SMC Tracker: Bullish Liquidity Swept. Waiting for volume injection.
2026-03-03 13:02:18 [DEBUG] Process Error on NZDUSD: 'AnalysisResponse' object has no attribute 'trend'
2026-03-03 13:02:18 [DEBUG] [XAUUSD] SMC Tracker: Price ranging inside structure. No sweeps detected.
2026-03-03 13:02:18 [DEBUG] Process Error on XAUUSD: 'AnalysisResponse' object has no attribute 'trend'
2026-03-03 13:03:19 [DEBUG] [EURUSD] SMC Tracker: Bullish Liquidity Swept. Waiting for volume injection.
2026-03-03 13:03:19 [DEBUG] Process Error on EURUSD: 'AnalysisResponse' object has no attribute 'trend'
2026-03-03 13:03:19 [DEBUG] [GBPUSD] SMC Tracker: Bullish FVG blocked (Low Volume Fakeout / Vacuum).
2026-03-03 13:03:19 [DEBUG] Process Error on GBPUSD: 'AnalysisResponse' object has no attribute 'trend'
2026-03-03 13:03:19 [DEBUG] [USDJPY] SMC Tracker: Bearish Liquidity Swept. Waiting for volume injection.
2026-03-03 13:03:19 [DEBUG] Process Error on USDJPY: 'AnalysisResponse' object has no attribute 'trend'
2026-03-03 13:03:19 [DEBUG] [USDCAD] SMC Tracker: Bearish FVG blocked (Low Volume Fakeout / Vacuum).
2026-03-03 13:03:19 [DEBUG] Process Error on USDCAD: 'AnalysisResponse' object has no attribute 'trend'
2026-03-03 13:03:19 [DEBUG] [USDCHF] SMC Tracker: Price ranging inside structure. No sweeps detected.
2026-03-03 13:03:19 [DEBUG] Process Error on USDCHF: 'AnalysisResponse' object has no attribute 'trend'
2026-03-03 13:03:19 [DEBUG] [AUDUSD] SMC Tracker: Bullish Liquidity Swept. Waiting for volume injection.
2026-03-03 13:03:19 [DEBUG] Process Error on AUDUSD: 'AnalysisResponse' object has no attribute 'trend'
2026-03-03 13:03:19 [DEBUG] [NZDUSD] SMC Tracker: Bullish Liquidity Swept. Waiting for volume injection.
2026-03-03 13:03:19 [DEBUG] Process Error on NZDUSD: 'AnalysisResponse' object has no attribute 'trend'
2026-03-03 13:03:19 [DEBUG] [XAUUSD] SMC Tracker: Price ranging inside structure. No sweeps detected.
2026-03-03 13:03:19 [DEBUG] Process Error on XAUUSD: 'AnalysisResponse' object has no attribute 'trend'
2026-03-03 13:04:18 [DEBUG] [EURUSD] SMC Tracker: Bullish Liquidity Swept. Waiting for volume injection.
2026-03-03 13:04:18 [DEBUG] Process Error on EURUSD: 'AnalysisResponse' object has no attribute 'trend'
2026-03-03 13:04:18 [DEBUG] [GBPUSD] SMC Tracker: Bullish FVG blocked (Low Volume Fakeout / Vacuum).
2026-03-03 13:04:18 [DEBUG] Process Error on GBPUSD: 'AnalysisResponse' object has no attribute 'trend'
2026-03-03 13:04:18 [DEBUG] [USDJPY] SMC Tracker: Bearish Liquidity Swept. Waiting for volume injection.
2026-03-03 13:04:18 [DEBUG] Process Error on USDJPY: 'AnalysisResponse' object has no attribute 'trend'
2026-03-03 13:04:18 [DEBUG] [USDCAD] SMC Tracker: Bearish FVG blocked (Low Volume Fakeout / Vacuum).
2026-03-03 13:04:18 [DEBUG] Process Error on USDCAD: 'AnalysisResponse' object has no attribute 'trend'
2026-03-03 13:04:18 [DEBUG] [USDCHF] SMC Tracker: Price ranging inside structure. No sweeps detected.
2026-03-03 13:04:18 [DEBUG] Process Error on USDCHF: 'AnalysisResponse' object has no attribute 'trend'
2026-03-03 13:04:18 [DEBUG] [AUDUSD] SMC Tracker: Bullish Liquidity Swept. Waiting for volume injection.
2026-03-03 13:04:18 [DEBUG] Process Error on AUDUSD: 'AnalysisResponse' object has no attribute 'trend'
2026-03-03 13:04:18 [DEBUG] [NZDUSD] SMC Tracker: Bullish Liquidity Swept. Waiting for volume injection.
2026-03-03 13:04:18 [DEBUG] Process Error on NZDUSD: 'AnalysisResponse' object has no attribute 'trend'
2026-03-03 13:04:18 [DEBUG] [XAUUSD] SMC Tracker: Price ranging inside structure. No sweeps detected.
2026-03-03 13:04:18 [DEBUG] Process Error on XAUUSD: 'AnalysisResponse' object has no attribute 'trend'
2026-03-03 13:05:18 [DEBUG] [EURUSD] SMC Tracker: Bullish Liquidity Swept. Waiting for volume injection.
2026-03-03 13:05:18 [DEBUG] Process Error on EURUSD: 'AnalysisResponse' object has no attribute 'trend'
2026-03-03 13:05:18 [DEBUG] [GBPUSD] SMC Tracker: Bullish FVG blocked (Low Volume Fakeout / Vacuum).
2026-03-03 13:05:18 [DEBUG] Process Error on GBPUSD: 'AnalysisResponse' object has no attribute 'trend'
2026-03-03 13:05:18 [DEBUG] [USDJPY] SMC Tracker: Bearish Liquidity Swept. Waiting for volume injection.
2026-03-03 13:05:18 [DEBUG] Process Error on USDJPY: 'AnalysisResponse' object has no attribute 'trend'
2026-03-03 13:05:18 [DEBUG] [USDCAD] SMC Tracker: Bearish FVG blocked (Low Volume Fakeout / Vacuum).
2026-03-03 13:05:18 [DEBUG] Process Error on USDCAD: 'AnalysisResponse' object has no attribute 'trend'
2026-03-03 13:05:18 [DEBUG] [USDCHF] SMC Tracker: Price ranging inside structure. No sweeps detected.
2026-03-03 13:05:18 [DEBUG] Process Error on USDCHF: 'AnalysisResponse' object has no attribute 'trend'
2026-03-03 13:05:18 [DEBUG] [AUDUSD] SMC Tracker: Bullish Liquidity Swept. Waiting for volume injection.
2026-03-03 13:05:18 [DEBUG] Process Error on AUDUSD: 'AnalysisResponse' object has no attribute 'trend'
2026-03-03 13:05:18 [DEBUG] [NZDUSD] SMC Tracker: Bullish Liquidity Swept. Waiting for volume injection.
2026-03-03 13:05:18 [DEBUG] Process Error on NZDUSD: 'AnalysisResponse' object has no attribute 'trend'
2026-03-03 13:05:18 [DEBUG] [XAUUSD] SMC Tracker: Price ranging inside structure. No sweeps detected.
2026-03-03 13:05:18 [DEBUG] Process Error on XAUUSD: 'AnalysisResponse' object has no attribute 'trend'
2026-03-03 13:06:18 [DEBUG] [EURUSD] SMC Tracker: Bullish Liquidity Swept. Waiting for volume injection.
2026-03-03 13:06:18 [DEBUG] Process Error on EURUSD: 'AnalysisResponse' object has no attribute 'trend'
2026-03-03 13:06:18 [DEBUG] [GBPUSD] SMC Tracker: Bullish FVG blocked (Low Volume Fakeout / Vacuum).
2026-03-03 13:06:18 [DEBUG] Process Error on GBPUSD: 'AnalysisResponse' object has no attribute 'trend'
2026-03-03 13:06:18 [DEBUG] [USDJPY] SMC Tracker: Bearish Liquidity Swept. Waiting for volume injection.
2026-03-03 13:06:18 [DEBUG] Process Error on USDJPY: 'AnalysisResponse' object has no attribute 'trend'
2026-03-03 13:06:18 [DEBUG] [USDCAD] SMC Tracker: Bearish FVG blocked (Low Volume Fakeout / Vacuum).
2026-03-03 13:06:18 [DEBUG] Process Error on USDCAD: 'AnalysisResponse' object has no attribute 'trend'
2026-03-03 13:06:18 [DEBUG] [USDCHF] SMC Tracker: Price ranging inside structure. No sweeps detected.
2026-03-03 13:06:18 [DEBUG] Process Error on USDCHF: 'AnalysisResponse' object has no attribute 'trend'
2026-03-03 13:06:18 [DEBUG] [AUDUSD] SMC Tracker: Bullish Liquidity Swept. Waiting for volume injection.
2026-03-03 13:06:18 [DEBUG] Process Error on AUDUSD: 'AnalysisResponse' object has no attribute 'trend'
2026-03-03 13:06:18 [DEBUG] [NZDUSD] SMC Tracker: Bullish Liquidity Swept. Waiting for volume injection.
2026-03-03 13:06:18 [DEBUG] Process Error on NZDUSD: 'AnalysisResponse' object has no attribute 'trend'
2026-03-03 13:06:18 [DEBUG] [XAUUSD] SMC Tracker: Price ranging inside structure. No sweeps detected.
2026-03-03 13:06:18 [DEBUG] Process Error on XAUUSD: 'AnalysisResponse' object has no attribute 'trend'
2026-03-03 13:07:18 [DEBUG] [EURUSD] SMC Tracker: Bullish Liquidity Swept. Waiting for volume injection.
2026-03-03 13:07:18 [DEBUG] Process Error on EURUSD: 'AnalysisResponse' object has no attribute 'trend'
2026-03-03 13:07:18 [DEBUG] [GBPUSD] SMC Tracker: Bullish FVG blocked (Low Volume Fakeout / Vacuum).
2026-03-03 13:07:18 [DEBUG] Process Error on GBPUSD: 'AnalysisResponse' object has no attribute 'trend'
2026-03-03 13:07:18 [DEBUG] [USDJPY] SMC Tracker: Bearish Liquidity Swept. Waiting for volume injection.
2026-03-03 13:07:18 [DEBUG] Process Error on USDJPY: 'AnalysisResponse' object has no attribute 'trend'
2026-03-03 13:07:18 [DEBUG] [USDCAD] SMC Tracker: Bearish FVG blocked (Low Volume Fakeout / Vacuum).
2026-03-03 13:07:18 [DEBUG] Process Error on USDCAD: 'AnalysisResponse' object has no attribute 'trend'
2026-03-03 13:07:18 [DEBUG] [USDCHF] SMC Tracker: Price ranging inside structure. No sweeps detected.
2026-03-03 13:07:18 [DEBUG] Process Error on USDCHF: 'AnalysisResponse' object has no attribute 'trend'
2026-03-03 13:07:18 [DEBUG] [AUDUSD] SMC Tracker: Bullish Liquidity Swept. Waiting for volume injection.
2026-03-03 13:07:18 [DEBUG] Process Error on AUDUSD: 'AnalysisResponse' object has no attribute 'trend'
2026-03-03 13:07:18 [DEBUG] [NZDUSD] SMC Tracker: Bullish Liquidity Swept. Waiting for volume injection.
2026-03-03 13:07:18 [DEBUG] Process Error on NZDUSD: 'AnalysisResponse' object has no attribute 'trend'
2026-03-03 13:07:18 [DEBUG] [XAUUSD] SMC Tracker: Price ranging inside structure. No sweeps detected.
2026-03-03 13:07:18 [DEBUG] Process Error on XAUUSD: 'AnalysisResponse' object has no attribute 'trend'
2026-03-03 13:08:18 [DEBUG] [EURUSD] SMC Tracker: Bullish Liquidity Swept. Waiting for volume injection.
2026-03-03 13:08:18 [DEBUG] Process Error on EURUSD: 'AnalysisResponse' object has no attribute 'trend'
2026-03-03 13:08:18 [DEBUG] [GBPUSD] SMC Tracker: Bullish FVG blocked (Low Volume Fakeout / Vacuum).
2026-03-03 13:08:18 [DEBUG] Process Error on GBPUSD: 'AnalysisResponse' object has no attribute 'trend'
2026-03-03 13:08:18 [DEBUG] [USDJPY] SMC Tracker: Bearish Liquidity Swept. Waiting for volume injection.
2026-03-03 13:08:18 [DEBUG] Process Error on USDJPY: 'AnalysisResponse' object has no attribute 'trend'
2026-03-03 13:08:19 [DEBUG] [USDCAD] SMC Tracker: Bearish FVG blocked (Low Volume Fakeout / Vacuum).
2026-03-03 13:08:19 [DEBUG] Process Error on USDCAD: 'AnalysisResponse' object has no attribute 'trend'
2026-03-03 13:08:19 [DEBUG] [USDCHF] SMC Tracker: Price ranging inside structure. No sweeps detected.
2026-03-03 13:08:19 [DEBUG] Process Error on USDCHF: 'AnalysisResponse' object has no attribute 'trend'
2026-03-03 13:08:19 [DEBUG] [AUDUSD] SMC Tracker: Bullish Liquidity Swept. Waiting for volume injection.
2026-03-03 13:08:19 [DEBUG] Process Error on AUDUSD: 'AnalysisResponse' object has no attribute 'trend'
2026-03-03 13:08:19 [DEBUG] [NZDUSD] SMC Tracker: Bullish Liquidity Swept. Waiting for volume injection.
2026-03-03 13:08:19 [DEBUG] Process Error on NZDUSD: 'AnalysisResponse' object has no attribute 'trend'
2026-03-03 13:08:19 [DEBUG] [XAUUSD] SMC Tracker: Price ranging inside structure. No sweeps detected.
2026-03-03 13:08:19 [DEBUG] Process Error on XAUUSD: 'AnalysisResponse' object has no attribute 'trend'
2026-03-03 13:09:19 [DEBUG] [EURUSD] SMC Tracker: Bullish Liquidity Swept. Waiting for volume injection.
2026-03-03 13:09:19 [DEBUG] Process Error on EURUSD: 'AnalysisResponse' object has no attribute 'trend'
2026-03-03 13:09:19 [DEBUG] [GBPUSD] SMC Tracker: Bullish FVG blocked (Low Volume Fakeout / Vacuum).
2026-03-03 13:09:19 [DEBUG] Process Error on GBPUSD: 'AnalysisResponse' object has no attribute 'trend'
2026-03-03 13:09:19 [DEBUG] [USDJPY] SMC Tracker: Bearish Liquidity Swept. Waiting for volume injection.
2026-03-03 13:09:19 [DEBUG] Process Error on USDJPY: 'AnalysisResponse' object has no attribute 'trend'
2026-03-03 13:09:19 [DEBUG] [USDCAD] SMC Tracker: Bearish FVG blocked (Low Volume Fakeout / Vacuum).
2026-03-03 13:09:19 [DEBUG] Process Error on USDCAD: 'AnalysisResponse' object has no attribute 'trend'
2026-03-03 13:09:19 [DEBUG] [USDCHF] SMC Tracker: Price ranging inside structure. No sweeps detected.
2026-03-03 13:09:19 [DEBUG] Process Error on USDCHF: 'AnalysisResponse' object has no attribute 'trend'
2026-03-03 13:09:19 [DEBUG] [AUDUSD] SMC Tracker: Bullish Liquidity Swept. Waiting for volume injection.
2026-03-03 13:09:19 [DEBUG] Process Error on AUDUSD: 'AnalysisResponse' object has no attribute 'trend'
2026-03-03 13:09:19 [DEBUG] [NZDUSD] SMC Tracker: Bullish Liquidity Swept. Waiting for volume injection.
2026-03-03 13:09:19 [DEBUG] Process Error on NZDUSD: 'AnalysisResponse' object has no attribute 'trend'
2026-03-03 13:09:19 [DEBUG] [XAUUSD] SMC Tracker: Price ranging inside structure. No sweeps detected.
2026-03-03 13:09:19 [DEBUG] Process Error on XAUUSD: 'AnalysisResponse' object has no attribute 'trend'
2026-03-03 13:10:18 [DEBUG] [EURUSD] SMC Tracker: Bullish Liquidity Swept. Waiting for volume injection.
2026-03-03 13:10:18 [DEBUG] Process Error on EURUSD: 'AnalysisResponse' object has no attribute 'trend'
2026-03-03 13:10:18 [DEBUG] [GBPUSD] SMC Tracker: Bullish FVG blocked (Low Volume Fakeout / Vacuum).
2026-03-03 13:10:18 [DEBUG] Process Error on GBPUSD: 'AnalysisResponse' object has no attribute 'trend'
2026-03-03 13:10:18 [DEBUG] [USDJPY] SMC Tracker: Bearish Liquidity Swept. Waiting for volume injection.
2026-03-03 13:10:18 [DEBUG] Process Error on USDJPY: 'AnalysisResponse' object has no attribute 'trend'
2026-03-03 13:10:18 [DEBUG] [USDCAD] SMC Tracker: Bearish FVG blocked (Low Volume Fakeout / Vacuum).
2026-03-03 13:10:18 [DEBUG] Process Error on USDCAD: 'AnalysisResponse' object has no attribute 'trend'
2026-03-03 13:10:18 [DEBUG] [USDCHF] SMC Tracker: Price ranging inside structure. No sweeps detected.
2026-03-03 13:10:18 [DEBUG] Process Error on USDCHF: 'AnalysisResponse' object has no attribute 'trend'
2026-03-03 13:10:18 [DEBUG] [AUDUSD] SMC Tracker: Bullish Liquidity Swept. Waiting for volume injection.
2026-03-03 13:10:18 [DEBUG] Process Error on AUDUSD: 'AnalysisResponse' object has no attribute 'trend'
2026-03-03 13:10:18 [DEBUG] [NZDUSD] SMC Tracker: Bullish Liquidity Swept. Waiting for volume injection.
2026-03-03 13:10:18 [DEBUG] Process Error on NZDUSD: 'AnalysisResponse' object has no attribute 'trend'
2026-03-03 13:10:18 [DEBUG] [XAUUSD] SMC Tracker: Price ranging inside structure. No sweeps detected.
2026-03-03 13:10:18 [DEBUG] Process Error on XAUUSD: 'AnalysisResponse' object has no attribute 'trend'
2026-03-03 13:11:18 [DEBUG] [EURUSD] SMC Tracker: Bullish Liquidity Swept. Waiting for volume injection.
2026-03-03 13:11:18 [DEBUG] Process Error on EURUSD: 'AnalysisResponse' object has no attribute 'trend'
2026-03-03 13:11:18 [DEBUG] [GBPUSD] SMC Tracker: Bullish FVG blocked (Low Volume Fakeout / Vacuum).
2026-03-03 13:11:18 [DEBUG] Process Error on GBPUSD: 'AnalysisResponse' object has no attribute 'trend'
2026-03-03 13:11:18 [DEBUG] [USDJPY] SMC Tracker: Bearish Liquidity Swept. Waiting for volume injection.
2026-03-03 13:11:18 [DEBUG] Process Error on USDJPY: 'AnalysisResponse' object has no attribute 'trend'
2026-03-03 13:11:18 [DEBUG] [USDCAD] SMC Tracker: Bearish FVG blocked (Low Volume Fakeout / Vacuum).
2026-03-03 13:11:18 [DEBUG] Process Error on USDCAD: 'AnalysisResponse' object has no attribute 'trend'
2026-03-03 13:11:18 [DEBUG] [USDCHF] SMC Tracker: Price ranging inside structure. No sweeps detected.
2026-03-03 13:11:18 [DEBUG] Process Error on USDCHF: 'AnalysisResponse' object has no attribute 'trend'
2026-03-03 13:11:18 [DEBUG] [AUDUSD] SMC Tracker: Bullish Liquidity Swept. Waiting for volume injection.
2026-03-03 13:11:18 [DEBUG] Process Error on AUDUSD: 'AnalysisResponse' object has no attribute 'trend'
2026-03-03 13:11:18 [DEBUG] [NZDUSD] SMC Tracker: Bullish Liquidity Swept. Waiting for volume injection.
2026-03-03 13:11:18 [DEBUG] Process Error on NZDUSD: 'AnalysisResponse' object has no attribute 'trend'
2026-03-03 13:11:18 [DEBUG] [XAUUSD] SMC Tracker: Price ranging inside structure. No sweeps detected.
2026-03-03 13:11:18 [DEBUG] Process Error on XAUUSD: 'AnalysisResponse' object has no attribute 'trend'
2026-03-03 13:12:18 [DEBUG] [EURUSD] SMC Tracker: Bullish Liquidity Swept. Waiting for volume injection.
2026-03-03 13:12:18 [DEBUG] Process Error on EURUSD: 'AnalysisResponse' object has no attribute 'trend'
2026-03-03 13:12:18 [DEBUG] [GBPUSD] SMC Tracker: Bullish FVG blocked (Low Volume Fakeout / Vacuum).
2026-03-03 13:12:18 [DEBUG] Process Error on GBPUSD: 'AnalysisResponse' object has no attribute 'trend'
2026-03-03 13:12:18 [DEBUG] [USDJPY] SMC Tracker: Bearish Liquidity Swept. Waiting for volume injection.
2026-03-03 13:12:18 [DEBUG] Process Error on USDJPY: 'AnalysisResponse' object has no attribute 'trend'
2026-03-03 13:12:18 [DEBUG] [USDCAD] SMC Tracker: Bearish FVG blocked (Low Volume Fakeout / Vacuum).
2026-03-03 13:12:18 [DEBUG] Process Error on USDCAD: 'AnalysisResponse' object has no attribute 'trend'
2026-03-03 13:12:18 [DEBUG] [USDCHF] SMC Tracker: Price ranging inside structure. No sweeps detected.
2026-03-03 13:12:18 [DEBUG] Process Error on USDCHF: 'AnalysisResponse' object has no attribute 'trend'
2026-03-03 13:12:18 [DEBUG] [AUDUSD] SMC Tracker: Bullish Liquidity Swept. Waiting for volume injection.
2026-03-03 13:12:18 [DEBUG] Process Error on AUDUSD: 'AnalysisResponse' object has no attribute 'trend'
2026-03-03 13:12:19 [DEBUG] [NZDUSD] SMC Tracker: Bullish Liquidity Swept. Waiting for volume injection.
2026-03-03 13:12:19 [DEBUG] Process Error on NZDUSD: 'AnalysisResponse' object has no attribute 'trend'
2026-03-03 13:12:19 [DEBUG] [XAUUSD] SMC Tracker: Price ranging inside structure. No sweeps detected.
2026-03-03 13:12:19 [DEBUG] Process Error on XAUUSD: 'AnalysisResponse' object has no attribute 'trend'
2026-03-03 13:13:18 [DEBUG] [EURUSD] SMC Tracker: Bullish Liquidity Swept. Waiting for volume injection.
2026-03-03 13:13:18 [DEBUG] Process Error on EURUSD: 'AnalysisResponse' object has no attribute 'trend'
2026-03-03 13:13:18 [DEBUG] [GBPUSD] SMC Tracker: Bullish FVG blocked (Low Volume Fakeout / Vacuum).
2026-03-03 13:13:18 [DEBUG] Process Error on GBPUSD: 'AnalysisResponse' object has no attribute 'trend'
2026-03-03 13:13:18 [DEBUG] [USDJPY] SMC Tracker: Bearish Liquidity Swept. Waiting for volume injection.
2026-03-03 13:13:18 [DEBUG] Process Error on USDJPY: 'AnalysisResponse' object has no attribute 'trend'
2026-03-03 13:13:18 [DEBUG] [USDCAD] SMC Tracker: Bearish FVG blocked (Low Volume Fakeout / Vacuum).
2026-03-03 13:13:18 [DEBUG] Process Error on USDCAD: 'AnalysisResponse' object has no attribute 'trend'
2026-03-03 13:13:18 [DEBUG] [USDCHF] SMC Tracker: Price ranging inside structure. No sweeps detected.
2026-03-03 13:13:18 [DEBUG] Process Error on USDCHF: 'AnalysisResponse' object has no attribute 'trend'
2026-03-03 13:13:18 [DEBUG] [AUDUSD] SMC Tracker: Bullish Liquidity Swept. Waiting for volume injection.
2026-03-03 13:13:18 [DEBUG] Process Error on AUDUSD: 'AnalysisResponse' object has no attribute 'trend'
2026-03-03 13:13:18 [DEBUG] [NZDUSD] SMC Tracker: Bullish Liquidity Swept. Waiting for volume injection.
2026-03-03 13:13:18 [DEBUG] Process Error on NZDUSD: 'AnalysisResponse' object has no attribute 'trend'
2026-03-03 13:13:18 [DEBUG] [XAUUSD] SMC Tracker: Price ranging inside structure. No sweeps detected.
2026-03-03 13:13:18 [DEBUG] Process Error on XAUUSD: 'AnalysisResponse' object has no attribute 'trend'
2026-03-03 13:14:19 [DEBUG] [EURUSD] SMC Tracker: Bullish Liquidity Swept. Waiting for volume injection.
2026-03-03 13:14:19 [DEBUG] Process Error on EURUSD: 'AnalysisResponse' object has no attribute 'trend'
2026-03-03 13:14:19 [DEBUG] [GBPUSD] SMC Tracker: Bullish FVG blocked (Low Volume Fakeout / Vacuum).
2026-03-03 13:14:19 [DEBUG] Process Error on GBPUSD: 'AnalysisResponse' object has no attribute 'trend'
2026-03-03 13:14:19 [DEBUG] [USDJPY] SMC Tracker: Bearish Liquidity Swept. Waiting for volume injection.
2026-03-03 13:14:19 [DEBUG] Process Error on USDJPY: 'AnalysisResponse' object has no attribute 'trend'
2026-03-03 13:14:19 [DEBUG] [USDCAD] SMC Tracker: Bearish FVG blocked (Low Volume Fakeout / Vacuum).
2026-03-03 13:14:19 [DEBUG] Process Error on USDCAD: 'AnalysisResponse' object has no attribute 'trend'
2026-03-03 13:14:19 [DEBUG] [USDCHF] SMC Tracker: Price ranging inside structure. No sweeps detected.
2026-03-03 13:14:19 [DEBUG] Process Error on USDCHF: 'AnalysisResponse' object has no attribute 'trend'
2026-03-03 13:14:19 [DEBUG] [AUDUSD] SMC Tracker: Bullish Liquidity Swept. Waiting for volume injection.
2026-03-03 13:14:19 [DEBUG] Process Error on AUDUSD: 'AnalysisResponse' object has no attribute 'trend'
2026-03-03 13:14:19 [DEBUG] [NZDUSD] SMC Tracker: Bullish Liquidity Swept. Waiting for volume injection.
2026-03-03 13:14:19 [DEBUG] Process Error on NZDUSD: 'AnalysisResponse' object has no attribute 'trend'
2026-03-03 13:14:19 [DEBUG] [XAUUSD] SMC Tracker: Price ranging inside structure. No sweeps detected.
2026-03-03 13:14:19 [DEBUG] Process Error on XAUUSD: 'AnalysisResponse' object has no attribute 'trend'
2026-03-03 13:15:18 [DEBUG] [EURUSD] SMC Tracker: Bullish Liquidity Swept. Waiting for volume injection.
2026-03-03 13:15:18 [DEBUG] Process Error on EURUSD: 'AnalysisResponse' object has no attribute 'trend'
2026-03-03 13:15:18 [DEBUG] [GBPUSD] SMC Tracker: Bullish Liquidity Swept. Waiting for volume injection.
2026-03-03 13:15:18 [DEBUG] Process Error on GBPUSD: 'AnalysisResponse' object has no attribute 'trend'
2026-03-03 13:15:18 [DEBUG] [USDJPY] SMC Tracker: Price ranging inside structure. No sweeps detected.
2026-03-03 13:15:18 [DEBUG] Process Error on USDJPY: 'AnalysisResponse' object has no attribute 'trend'
2026-03-03 13:15:18 [DEBUG] [USDCAD] SMC Tracker: Bearish Liquidity Swept. Waiting for volume injection.
2026-03-03 13:15:18 [DEBUG] Process Error on USDCAD: 'AnalysisResponse' object has no attribute 'trend'
2026-03-03 13:15:18 [DEBUG] [USDCHF] SMC Tracker: Bearish Liquidity Swept. Waiting for volume injection.
2026-03-03 13:15:18 [DEBUG] Process Error on USDCHF: 'AnalysisResponse' object has no attribute 'trend'
2026-03-03 13:15:18 [DEBUG] [AUDUSD] SMC Tracker: Bullish Liquidity Swept. Waiting for volume injection.
2026-03-03 13:15:18 [DEBUG] Process Error on AUDUSD: 'AnalysisResponse' object has no attribute 'trend'
2026-03-03 13:15:18 [DEBUG] [NZDUSD] SMC Tracker: Bullish Liquidity Swept. Waiting for volume injection.
2026-03-03 13:15:18 [DEBUG] Process Error on NZDUSD: 'AnalysisResponse' object has no attribute 'trend'
2026-03-03 13:15:18 [DEBUG] [XAUUSD] SMC Tracker: Price ranging inside structure. No sweeps detected.
2026-03-03 13:15:18 [DEBUG] Process Error on XAUUSD: 'AnalysisResponse' object has no attribute 'trend'
2026-03-03 13:16:18 [DEBUG] [EURUSD] SMC Tracker: Bullish Liquidity Swept. Waiting for volume injection.
2026-03-03 13:16:18 [DEBUG] Process Error on EURUSD: 'AnalysisResponse' object has no attribute 'trend'
2026-03-03 13:16:18 [DEBUG] [GBPUSD] SMC Tracker: Bullish Liquidity Swept. Waiting for volume injection.
2026-03-03 13:16:18 [DEBUG] Process Error on GBPUSD: 'AnalysisResponse' object has no attribute 'trend'
2026-03-03 13:16:18 [DEBUG] [USDJPY] SMC Tracker: Price ranging inside structure. No sweeps detected.
2026-03-03 13:16:18 [DEBUG] Process Error on USDJPY: 'AnalysisResponse' object has no attribute 'trend'
2026-03-03 13:16:18 [DEBUG] [USDCAD] SMC Tracker: Bearish Liquidity Swept. Waiting for volume injection.
2026-03-03 13:16:18 [DEBUG] Process Error on USDCAD: 'AnalysisResponse' object has no attribute 'trend'
2026-03-03 13:16:18 [DEBUG] [USDCHF] SMC Tracker: Bearish Liquidity Swept. Waiting for volume injection.
2026-03-03 13:16:18 [DEBUG] Process Error on USDCHF: 'AnalysisResponse' object has no attribute 'trend'
2026-03-03 13:16:18 [DEBUG] [AUDUSD] SMC Tracker: Bullish Liquidity Swept. Waiting for volume injection.
2026-03-03 13:16:18 [DEBUG] Process Error on AUDUSD: 'AnalysisResponse' object has no attribute 'trend'
2026-03-03 13:16:18 [DEBUG] [NZDUSD] SMC Tracker: Bullish Liquidity Swept. Waiting for volume injection.
2026-03-03 13:16:18 [DEBUG] Process Error on NZDUSD: 'AnalysisResponse' object has no attribute 'trend'
2026-03-03 13:16:18 [DEBUG] [XAUUSD] SMC Tracker: Price ranging inside structure. No sweeps detected.
2026-03-03 13:16:18 [DEBUG] Process Error on XAUUSD: 'AnalysisResponse' object has no attribute 'trend'
2026-03-03 13:17:19 [DEBUG] [EURUSD] SMC Tracker: Bullish Liquidity Swept. Waiting for volume injection.
2026-03-03 13:17:19 [DEBUG] Process Error on EURUSD: 'AnalysisResponse' object has no attribute 'trend'
2026-03-03 13:17:19 [DEBUG] [GBPUSD] SMC Tracker: Bullish Liquidity Swept. Waiting for volume injection.
2026-03-03 13:17:19 [DEBUG] Process Error on GBPUSD: 'AnalysisResponse' object has no attribute 'trend'
2026-03-03 13:17:19 [DEBUG] [USDJPY] SMC Tracker: Price ranging inside structure. No sweeps detected.
2026-03-03 13:17:19 [DEBUG] Process Error on USDJPY: 'AnalysisResponse' object has no attribute 'trend'
2026-03-03 13:17:19 [DEBUG] [USDCAD] SMC Tracker: Bearish Liquidity Swept. Waiting for volume injection.
2026-03-03 13:17:19 [DEBUG] Process Error on USDCAD: 'AnalysisResponse' object has no attribute 'trend'
2026-03-03 13:17:19 [DEBUG] [USDCHF] SMC Tracker: Bearish Liquidity Swept. Waiting for volume injection.
2026-03-03 13:17:19 [DEBUG] Process Error on USDCHF: 'AnalysisResponse' object has no attribute 'trend'
2026-03-03 13:17:19 [DEBUG] [AUDUSD] SMC Tracker: Bullish Liquidity Swept. Waiting for volume injection.
2026-03-03 13:17:19 [DEBUG] Process Error on AUDUSD: 'AnalysisResponse' object has no attribute 'trend'
2026-03-03 13:17:19 [DEBUG] [NZDUSD] SMC Tracker: Bullish Liquidity Swept. Waiting for volume injection.
2026-03-03 13:17:19 [DEBUG] Process Error on NZDUSD: 'AnalysisResponse' object has no attribute 'trend'
2026-03-03 13:17:19 [DEBUG] [XAUUSD] SMC Tracker: Price ranging inside structure. No sweeps detected.
2026-03-03 13:17:19 [DEBUG] Process Error on XAUUSD: 'AnalysisResponse' object has no attribute 'trend'
2026-03-03 13:18:19 [DEBUG] [EURUSD] SMC Tracker: Bullish Liquidity Swept. Waiting for volume injection.
2026-03-03 13:18:19 [DEBUG] Process Error on EURUSD: 'AnalysisResponse' object has no attribute 'trend'
2026-03-03 13:18:19 [DEBUG] [GBPUSD] SMC Tracker: Bullish Liquidity Swept. Waiting for volume injection.
2026-03-03 13:18:19 [DEBUG] Process Error on GBPUSD: 'AnalysisResponse' object has no attribute 'trend'
2026-03-03 13:18:19 [DEBUG] [USDJPY] SMC Tracker: Price ranging inside structure. No sweeps detected.
2026-03-03 13:18:19 [DEBUG] Process Error on USDJPY: 'AnalysisResponse' object has no attribute 'trend'
2026-03-03 13:18:19 [DEBUG] [USDCAD] SMC Tracker: Bearish Liquidity Swept. Waiting for volume injection.
2026-03-03 13:18:19 [DEBUG] Process Error on USDCAD: 'AnalysisResponse' object has no attribute 'trend'
2026-03-03 13:18:19 [DEBUG] [USDCHF] SMC Tracker: Bearish Liquidity Swept. Waiting for volume injection.
2026-03-03 13:18:19 [DEBUG] Process Error on USDCHF: 'AnalysisResponse' object has no attribute 'trend'
2026-03-03 13:18:19 [DEBUG] [AUDUSD] SMC Tracker: Bullish Liquidity Swept. Waiting for volume injection.
2026-03-03 13:18:19 [DEBUG] Process Error on AUDUSD: 'AnalysisResponse' object has no attribute 'trend'
2026-03-03 13:18:19 [DEBUG] [NZDUSD] SMC Tracker: Bullish Liquidity Swept. Waiting for volume injection.
2026-03-03 13:18:19 [DEBUG] Process Error on NZDUSD: 'AnalysisResponse' object has no attribute 'trend'
2026-03-03 13:18:19 [DEBUG] [XAUUSD] SMC Tracker: Price ranging inside structure. No sweeps detected.
2026-03-03 13:18:19 [DEBUG] Process Error on XAUUSD: 'AnalysisResponse' object has no attribute 'trend'
2026-03-03 13:19:18 [DEBUG] [EURUSD] SMC Tracker: Bullish Liquidity Swept. Waiting for volume injection.
2026-03-03 13:19:18 [DEBUG] Process Error on EURUSD: 'AnalysisResponse' object has no attribute 'trend'
2026-03-03 13:19:18 [DEBUG] [GBPUSD] SMC Tracker: Bullish Liquidity Swept. Waiting for volume injection.
2026-03-03 13:19:18 [DEBUG] Process Error on GBPUSD: 'AnalysisResponse' object has no attribute 'trend'
2026-03-03 13:19:18 [DEBUG] [USDJPY] SMC Tracker: Price ranging inside structure. No sweeps detected.
2026-03-03 13:19:18 [DEBUG] Process Error on USDJPY: 'AnalysisResponse' object has no attribute 'trend'
2026-03-03 13:19:18 [DEBUG] [USDCAD] SMC Tracker: Bearish Liquidity Swept. Waiting for volume injection.
2026-03-03 13:19:18 [DEBUG] Process Error on USDCAD: 'AnalysisResponse' object has no attribute 'trend'
2026-03-03 13:19:18 [DEBUG] [USDCHF] SMC Tracker: Bearish Liquidity Swept. Waiting for volume injection.
2026-03-03 13:19:18 [DEBUG] Process Error on USDCHF: 'AnalysisResponse' object has no attribute 'trend'
2026-03-03 13:19:18 [DEBUG] [AUDUSD] SMC Tracker: Bullish Liquidity Swept. Waiting for volume injection.
2026-03-03 13:19:18 [DEBUG] Process Error on AUDUSD: 'AnalysisResponse' object has no attribute 'trend'
2026-03-03 13:19:18 [DEBUG] [NZDUSD] SMC Tracker: Bullish Liquidity Swept. Waiting for volume injection.
2026-03-03 13:19:18 [DEBUG] Process Error on NZDUSD: 'AnalysisResponse' object has no attribute 'trend'
2026-03-03 13:19:18 [DEBUG] [XAUUSD] SMC Tracker: Price ranging inside structure. No sweeps detected.
2026-03-03 13:19:18 [DEBUG] Process Error on XAUUSD: 'AnalysisResponse' object has no attribute 'trend'
2026-03-03 13:20:18 [DEBUG] [EURUSD] SMC Tracker: Bullish Liquidity Swept. Waiting for volume injection.
2026-03-03 13:20:18 [DEBUG] Process Error on EURUSD: 'AnalysisResponse' object has no attribute 'trend'
2026-03-03 13:20:18 [DEBUG] [GBPUSD] SMC Tracker: Bullish Liquidity Swept. Waiting for volume injection.
2026-03-03 13:20:18 [DEBUG] Process Error on GBPUSD: 'AnalysisResponse' object has no attribute 'trend'
2026-03-03 13:20:18 [DEBUG] [USDJPY] SMC Tracker: Price ranging inside structure. No sweeps detected.
2026-03-03 13:20:18 [DEBUG] Process Error on USDJPY: 'AnalysisResponse' object has no attribute 'trend'
2026-03-03 13:20:18 [DEBUG] [USDCAD] SMC Tracker: Bearish Liquidity Swept. Waiting for volume injection.
2026-03-03 13:20:18 [DEBUG] Process Error on USDCAD: 'AnalysisResponse' object has no attribute 'trend'
2026-03-03 13:20:18 [DEBUG] [USDCHF] SMC Tracker: Bearish Liquidity Swept. Waiting for volume injection.
2026-03-03 13:20:18 [DEBUG] Process Error on USDCHF: 'AnalysisResponse' object has no attribute 'trend'
2026-03-03 13:20:18 [DEBUG] [AUDUSD] SMC Tracker: Bullish Liquidity Swept. Waiting for volume injection.
2026-03-03 13:20:18 [DEBUG] Process Error on AUDUSD: 'AnalysisResponse' object has no attribute 'trend'
2026-03-03 13:20:18 [DEBUG] [NZDUSD] SMC Tracker: Bullish Liquidity Swept. Waiting for volume injection.
2026-03-03 13:20:18 [DEBUG] Process Error on NZDUSD: 'AnalysisResponse' object has no attribute 'trend'
2026-03-03 13:20:18 [DEBUG] [XAUUSD] SMC Tracker: Price ranging inside structure. No sweeps detected.
2026-03-03 13:20:18 [DEBUG] Process Error on XAUUSD: 'AnalysisResponse' object has no attribute 'trend'
2026-03-03 13:21:18 [DEBUG] [EURUSD] SMC Tracker: Bullish Liquidity Swept. Waiting for volume injection.
2026-03-03 13:21:18 [DEBUG] Process Error on EURUSD: 'AnalysisResponse' object has no attribute 'trend'
2026-03-03 13:21:18 [DEBUG] [GBPUSD] SMC Tracker: Bullish Liquidity Swept. Waiting for volume injection.
2026-03-03 13:21:18 [DEBUG] Process Error on GBPUSD: 'AnalysisResponse' object has no attribute 'trend'
2026-03-03 13:21:18 [DEBUG] [USDJPY] SMC Tracker: Price ranging inside structure. No sweeps detected.
2026-03-03 13:21:18 [DEBUG] Process Error on USDJPY: 'AnalysisResponse' object has no attribute 'trend'
2026-03-03 13:21:18 [DEBUG] [USDCAD] SMC Tracker: Bearish Liquidity Swept. Waiting for volume injection.
2026-03-03 13:21:18 [DEBUG] Process Error on USDCAD: 'AnalysisResponse' object has no attribute 'trend'
2026-03-03 13:21:18 [DEBUG] [USDCHF] SMC Tracker: Bearish Liquidity Swept. Waiting for volume injection.
2026-03-03 13:21:18 [DEBUG] Process Error on USDCHF: 'AnalysisResponse' object has no attribute 'trend'
2026-03-03 13:21:18 [DEBUG] [AUDUSD] SMC Tracker: Bullish Liquidity Swept. Waiting for volume injection.
2026-03-03 13:21:18 [DEBUG] Process Error on AUDUSD: 'AnalysisResponse' object has no attribute 'trend'
2026-03-03 13:21:18 [DEBUG] [NZDUSD] SMC Tracker: Bullish Liquidity Swept. Waiting for volume injection.
2026-03-03 13:21:18 [DEBUG] Process Error on NZDUSD: 'AnalysisResponse' object has no attribute 'trend'
2026-03-03 13:21:18 [DEBUG] [XAUUSD] SMC Tracker: Price ranging inside structure. No sweeps detected.
2026-03-03 13:21:18 [DEBUG] Process Error on XAUUSD: 'AnalysisResponse' object has no attribute 'trend'
2026-03-03 13:22:18 [DEBUG] [EURUSD] SMC Tracker: Bullish Liquidity Swept. Waiting for volume injection.
2026-03-03 13:22:18 [DEBUG] Process Error on EURUSD: 'AnalysisResponse' object has no attribute 'trend'
2026-03-03 13:22:18 [DEBUG] [GBPUSD] SMC Tracker: Bullish Liquidity Swept. Waiting for volume injection.
2026-03-03 13:22:18 [DEBUG] Process Error on GBPUSD: 'AnalysisResponse' object has no attribute 'trend'
2026-03-03 13:22:18 [DEBUG] [USDJPY] SMC Tracker: Price ranging inside structure. No sweeps detected.
2026-03-03 13:22:18 [DEBUG] Process Error on USDJPY: 'AnalysisResponse' object has no attribute 'trend'
2026-03-03 13:22:18 [DEBUG] [USDCAD] SMC Tracker: Bearish Liquidity Swept. Waiting for volume injection.
2026-03-03 13:22:18 [DEBUG] Process Error on USDCAD: 'AnalysisResponse' object has no attribute 'trend'
2026-03-03 13:22:18 [DEBUG] [USDCHF] SMC Tracker: Bearish Liquidity Swept. Waiting for volume injection.
2026-03-03 13:22:18 [DEBUG] Process Error on USDCHF: 'AnalysisResponse' object has no attribute 'trend'
2026-03-03 13:22:18 [DEBUG] [AUDUSD] SMC Tracker: Bullish Liquidity Swept. Waiting for volume injection.
2026-03-03 13:22:18 [DEBUG] Process Error on AUDUSD: 'AnalysisResponse' object has no attribute 'trend'
2026-03-03 13:22:18 [DEBUG] [NZDUSD] SMC Tracker: Bullish Liquidity Swept. Waiting for volume injection.
2026-03-03 13:22:18 [DEBUG] Process Error on NZDUSD: 'AnalysisResponse' object has no attribute 'trend'
2026-03-03 13:22:18 [DEBUG] [XAUUSD] SMC Tracker: Price ranging inside structure. No sweeps detected.
2026-03-03 13:22:18 [DEBUG] Process Error on XAUUSD: 'AnalysisResponse' object has no attribute 'trend'
2026-03-03 13:23:18 [DEBUG] [EURUSD] SMC Tracker: Bullish Liquidity Swept. Waiting for volume injection.
2026-03-03 13:23:18 [DEBUG] Process Error on EURUSD: 'AnalysisResponse' object has no attribute 'trend'
2026-03-03 13:23:18 [DEBUG] [GBPUSD] SMC Tracker: Bullish Liquidity Swept. Waiting for volume injection.
2026-03-03 13:23:18 [DEBUG] Process Error on GBPUSD: 'AnalysisResponse' object has no attribute 'trend'
2026-03-03 13:23:18 [DEBUG] [USDJPY] SMC Tracker: Price ranging inside structure. No sweeps detected.
2026-03-03 13:23:18 [DEBUG] Process Error on USDJPY: 'AnalysisResponse' object has no attribute 'trend'
2026-03-03 13:23:18 [DEBUG] [USDCAD] SMC Tracker: Bearish Liquidity Swept. Waiting for volume injection.
2026-03-03 13:23:18 [DEBUG] Process Error on USDCAD: 'AnalysisResponse' object has no attribute 'trend'
2026-03-03 13:23:19 [DEBUG] [USDCHF] SMC Tracker: Bearish Liquidity Swept. Waiting for volume injection.
2026-03-03 13:23:19 [DEBUG] Process Error on USDCHF: 'AnalysisResponse' object has no attribute 'trend'
2026-03-03 13:23:19 [DEBUG] [AUDUSD] SMC Tracker: Bullish Liquidity Swept. Waiting for volume injection.
2026-03-03 13:23:19 [DEBUG] Process Error on AUDUSD: 'AnalysisResponse' object has no attribute 'trend'
2026-03-03 13:23:19 [DEBUG] [NZDUSD] SMC Tracker: Bullish Liquidity Swept. Waiting for volume injection.
2026-03-03 13:23:19 [DEBUG] Process Error on NZDUSD: 'AnalysisResponse' object has no attribute 'trend'
2026-03-03 13:23:19 [DEBUG] [XAUUSD] SMC Tracker: Price ranging inside structure. No sweeps detected.
2026-03-03 13:23:19 [DEBUG] Process Error on XAUUSD: 'AnalysisResponse' object has no attribute 'trend'
2026-03-03 13:24:19 [DEBUG] [EURUSD] SMC Tracker: Bullish Liquidity Swept. Waiting for volume injection.
2026-03-03 13:24:19 [DEBUG] Process Error on EURUSD: 'AnalysisResponse' object has no attribute 'trend'
2026-03-03 13:24:19 [DEBUG] [GBPUSD] SMC Tracker: Bullish Liquidity Swept. Waiting for volume injection.
2026-03-03 13:24:19 [DEBUG] Process Error on GBPUSD: 'AnalysisResponse' object has no attribute 'trend'
2026-03-03 13:24:19 [DEBUG] [USDJPY] SMC Tracker: Price ranging inside structure. No sweeps detected.
2026-03-03 13:24:19 [DEBUG] Process Error on USDJPY: 'AnalysisResponse' object has no attribute 'trend'
2026-03-03 13:24:19 [DEBUG] [USDCAD] SMC Tracker: Bearish Liquidity Swept. Waiting for volume injection.
2026-03-03 13:24:19 [DEBUG] Process Error on USDCAD: 'AnalysisResponse' object has no attribute 'trend'
2026-03-03 13:24:19 [DEBUG] [USDCHF] SMC Tracker: Bearish Liquidity Swept. Waiting for volume injection.
2026-03-03 13:24:19 [DEBUG] Process Error on USDCHF: 'AnalysisResponse' object has no attribute 'trend'
2026-03-03 13:24:19 [DEBUG] [AUDUSD] SMC Tracker: Bullish Liquidity Swept. Waiting for volume injection.
2026-03-03 13:24:19 [DEBUG] Process Error on AUDUSD: 'AnalysisResponse' object has no attribute 'trend'
2026-03-03 13:24:19 [DEBUG] [NZDUSD] SMC Tracker: Bullish Liquidity Swept. Waiting for volume injection.
2026-03-03 13:24:19 [DEBUG] Process Error on NZDUSD: 'AnalysisResponse' object has no attribute 'trend'
2026-03-03 13:24:19 [DEBUG] [XAUUSD] SMC Tracker: Price ranging inside structure. No sweeps detected.
2026-03-03 13:24:19 [DEBUG] Process Error on XAUUSD: 'AnalysisResponse' object has no attribute 'trend'
2026-03-03 13:25:19 [DEBUG] [EURUSD] SMC Tracker: Bullish Liquidity Swept. Waiting for volume injection.
2026-03-03 13:25:19 [DEBUG] Process Error on EURUSD: 'AnalysisResponse' object has no attribute 'trend'
2026-03-03 13:25:19 [DEBUG] [GBPUSD] SMC Tracker: Bullish Liquidity Swept. Waiting for volume injection.
2026-03-03 13:25:19 [DEBUG] Process Error on GBPUSD: 'AnalysisResponse' object has no attribute 'trend'
2026-03-03 13:25:19 [DEBUG] [USDJPY] SMC Tracker: Price ranging inside structure. No sweeps detected.
2026-03-03 13:25:19 [DEBUG] Process Error on USDJPY: 'AnalysisResponse' object has no attribute 'trend'
2026-03-03 13:25:19 [DEBUG] [USDCAD] SMC Tracker: Bearish Liquidity Swept. Waiting for volume injection.
2026-03-03 13:25:19 [DEBUG] Process Error on USDCAD: 'AnalysisResponse' object has no attribute 'trend'
2026-03-03 13:25:19 [DEBUG] [USDCHF] SMC Tracker: Bearish Liquidity Swept. Waiting for volume injection.
2026-03-03 13:25:19 [DEBUG] Process Error on USDCHF: 'AnalysisResponse' object has no attribute 'trend'
2026-03-03 13:25:19 [DEBUG] [AUDUSD] SMC Tracker: Bullish Liquidity Swept. Waiting for volume injection.
2026-03-03 13:25:19 [DEBUG] Process Error on AUDUSD: 'AnalysisResponse' object has no attribute 'trend'
2026-03-03 13:25:19 [DEBUG] [NZDUSD] SMC Tracker: Bullish Liquidity Swept. Waiting for volume injection.
2026-03-03 13:25:19 [DEBUG] Process Error on NZDUSD: 'AnalysisResponse' object has no attribute 'trend'
2026-03-03 13:25:19 [DEBUG] [XAUUSD] SMC Tracker: Price ranging inside structure. No sweeps detected.
2026-03-03 13:25:19 [DEBUG] Process Error on XAUUSD: 'AnalysisResponse' object has no attribute 'trend'
2026-03-03 13:26:19 [DEBUG] [EURUSD] SMC Tracker: Bullish Liquidity Swept. Waiting for volume injection.
2026-03-03 13:26:19 [DEBUG] Process Error on EURUSD: 'AnalysisResponse' object has no attribute 'trend'
2026-03-03 13:26:19 [DEBUG] [GBPUSD] SMC Tracker: Bullish Liquidity Swept. Waiting for volume injection.
2026-03-03 13:26:19 [DEBUG] Process Error on GBPUSD: 'AnalysisResponse' object has no attribute 'trend'
2026-03-03 13:26:19 [DEBUG] [USDJPY] SMC Tracker: Price ranging inside structure. No sweeps detected.
2026-03-03 13:26:19 [DEBUG] Process Error on USDJPY: 'AnalysisResponse' object has no attribute 'trend'
2026-03-03 13:26:19 [DEBUG] [USDCAD] SMC Tracker: Bearish Liquidity Swept. Waiting for volume injection.
2026-03-03 13:26:19 [DEBUG] Process Error on USDCAD: 'AnalysisResponse' object has no attribute 'trend'
2026-03-03 13:26:19 [DEBUG] [USDCHF] SMC Tracker: Bearish Liquidity Swept. Waiting for volume injection.
2026-03-03 13:26:19 [DEBUG] Process Error on USDCHF: 'AnalysisResponse' object has no attribute 'trend'
2026-03-03 13:26:19 [DEBUG] [AUDUSD] SMC Tracker: Bullish Liquidity Swept. Waiting for volume injection.
2026-03-03 13:26:19 [DEBUG] Process Error on AUDUSD: 'AnalysisResponse' object has no attribute 'trend'
2026-03-03 13:26:19 [DEBUG] [NZDUSD] SMC Tracker: Bullish Liquidity Swept. Waiting for volume injection.
2026-03-03 13:26:19 [DEBUG] Process Error on NZDUSD: 'AnalysisResponse' object has no attribute 'trend'
2026-03-03 13:26:19 [DEBUG] [XAUUSD] SMC Tracker: Price ranging inside structure. No sweeps detected.
2026-03-03 13:26:19 [DEBUG] Process Error on XAUUSD: 'AnalysisResponse' object has no attribute 'trend'
2026-03-03 13:27:19 [DEBUG] [EURUSD] SMC Tracker: Bullish Liquidity Swept. Waiting for volume injection.
2026-03-03 13:27:19 [DEBUG] Process Error on EURUSD: 'AnalysisResponse' object has no attribute 'trend'
2026-03-03 13:27:19 [DEBUG] [GBPUSD] SMC Tracker: Bullish Liquidity Swept. Waiting for volume injection.
2026-03-03 13:27:19 [DEBUG] Process Error on GBPUSD: 'AnalysisResponse' object has no attribute 'trend'
2026-03-03 13:27:19 [DEBUG] [USDJPY] SMC Tracker: Price ranging inside structure. No sweeps detected.
2026-03-03 13:27:19 [DEBUG] Process Error on USDJPY: 'AnalysisResponse' object has no attribute 'trend'
2026-03-03 13:27:19 [DEBUG] [USDCAD] SMC Tracker: Bearish Liquidity Swept. Waiting for volume injection.
2026-03-03 13:27:19 [DEBUG] Process Error on USDCAD: 'AnalysisResponse' object has no attribute 'trend'
2026-03-03 13:27:19 [DEBUG] [USDCHF] SMC Tracker: Bearish Liquidity Swept. Waiting for volume injection.
2026-03-03 13:27:19 [DEBUG] Process Error on USDCHF: 'AnalysisResponse' object has no attribute 'trend'
2026-03-03 13:27:19 [DEBUG] [AUDUSD] SMC Tracker: Bullish Liquidity Swept. Waiting for volume injection.
2026-03-03 13:27:19 [DEBUG] Process Error on AUDUSD: 'AnalysisResponse' object has no attribute 'trend'
2026-03-03 13:27:19 [DEBUG] [NZDUSD] SMC Tracker: Bullish Liquidity Swept. Waiting for volume injection.
2026-03-03 13:27:19 [DEBUG] Process Error on NZDUSD: 'AnalysisResponse' object has no attribute 'trend'
2026-03-03 13:27:19 [DEBUG] [XAUUSD] SMC Tracker: Price ranging inside structure. No sweeps detected.
2026-03-03 13:27:19 [DEBUG] Process Error on XAUUSD: 'AnalysisResponse' object has no attribute 'trend'
2026-03-03 13:28:03 [INFO] 📩 Received Command: /status
2026-03-03 13:28:14 [INFO] 📩 Received Command: /balance
2026-03-03 13:28:18 [DEBUG] [EURUSD] SMC Tracker: Bullish Liquidity Swept. Waiting for volume injection.
2026-03-03 13:28:18 [DEBUG] Process Error on EURUSD: 'AnalysisResponse' object has no attribute 'trend'
2026-03-03 13:28:18 [DEBUG] [GBPUSD] SMC Tracker: Bullish Liquidity Swept. Waiting for volume injection.
2026-03-03 13:28:18 [DEBUG] Process Error on GBPUSD: 'AnalysisResponse' object has no attribute 'trend'
2026-03-03 13:28:18 [DEBUG] [USDJPY] SMC Tracker: Price ranging inside structure. No sweeps detected.
2026-03-03 13:28:18 [DEBUG] Process Error on USDJPY: 'AnalysisResponse' object has no attribute 'trend'
2026-03-03 13:28:18 [DEBUG] [USDCAD] SMC Tracker: Bearish Liquidity Swept. Waiting for volume injection.
2026-03-03 13:28:18 [DEBUG] Process Error on USDCAD: 'AnalysisResponse' object has no attribute 'trend'
2026-03-03 13:28:18 [DEBUG] [USDCHF] SMC Tracker: Bearish Liquidity Swept. Waiting for volume injection.
2026-03-03 13:28:18 [DEBUG] Process Error on USDCHF: 'AnalysisResponse' object has no attribute 'trend'
2026-03-03 13:28:18 [DEBUG] [AUDUSD] SMC Tracker: Bullish Liquidity Swept. Waiting for volume injection.
2026-03-03 13:28:18 [DEBUG] Process Error on AUDUSD: 'AnalysisResponse' object has no attribute 'trend'
2026-03-03 13:28:19 [DEBUG] [NZDUSD] SMC Tracker: Bullish Liquidity Swept. Waiting for volume injection.
2026-03-03 13:28:19 [DEBUG] Process Error on NZDUSD: 'AnalysisResponse' object has no attribute 'trend'
2026-03-03 13:28:19 [DEBUG] [XAUUSD] SMC Tracker: Price ranging inside structure. No sweeps detected.
2026-03-03 13:28:19 [DEBUG] Process Error on XAUUSD: 'AnalysisResponse' object has no attribute 'trend'
2026-03-03 13:28:51 [INFO] 📩 Received Command: /balance
2026-03-03 13:29:04 [INFO] 📩 Received Command: /news
2026-03-03 13:29:18 [DEBUG] [EURUSD] SMC Tracker: Bullish Liquidity Swept. Waiting for volume injection.
2026-03-03 13:29:18 [DEBUG] Process Error on EURUSD: 'AnalysisResponse' object has no attribute 'trend'
2026-03-03 13:29:18 [DEBUG] [GBPUSD] SMC Tracker: Bullish Liquidity Swept. Waiting for volume injection.
2026-03-03 13:29:18 [DEBUG] Process Error on GBPUSD: 'AnalysisResponse' object has no attribute 'trend'
2026-03-03 13:29:18 [DEBUG] [USDJPY] SMC Tracker: Price ranging inside structure. No sweeps detected.
2026-03-03 13:29:18 [DEBUG] Process Error on USDJPY: 'AnalysisResponse' object has no attribute 'trend'
2026-03-03 13:29:18 [DEBUG] [USDCAD] SMC Tracker: Bearish Liquidity Swept. Waiting for volume injection.
2026-03-03 13:29:18 [DEBUG] Process Error on USDCAD: 'AnalysisResponse' object has no attribute 'trend'
2026-03-03 13:29:18 [DEBUG] [USDCHF] SMC Tracker: Bearish Liquidity Swept. Waiting for volume injection.
2026-03-03 13:29:18 [DEBUG] Process Error on USDCHF: 'AnalysisResponse' object has no attribute 'trend'
2026-03-03 13:29:18 [DEBUG] [AUDUSD] SMC Tracker: Bullish Liquidity Swept. Waiting for volume injection.
2026-03-03 13:29:18 [DEBUG] Process Error on AUDUSD: 'AnalysisResponse' object has no attribute 'trend'
2026-03-03 13:29:19 [DEBUG] [NZDUSD] SMC Tracker: Bullish Liquidity Swept. Waiting for volume injection.
2026-03-03 13:29:19 [DEBUG] Process Error on NZDUSD: 'AnalysisResponse' object has no attribute 'trend'
2026-03-03 13:29:19 [DEBUG] [XAUUSD] SMC Tracker: Price ranging inside structure. No sweeps detected.
2026-03-03 13:29:19 [DEBUG] Process Error on XAUUSD: 'AnalysisResponse' object has no attribute 'trend'
2026-03-03 13:30:19 [DEBUG] [EURUSD] SMC Tracker: Price ranging inside structure. No sweeps detected.
2026-03-03 13:30:19 [DEBUG] Process Error on EURUSD: 'AnalysisResponse' object has no attribute 'trend'
2026-03-03 13:30:19 [DEBUG] [GBPUSD] SMC Tracker: Price ranging inside structure. No sweeps detected.
2026-03-03 13:30:19 [DEBUG] Process Error on GBPUSD: 'AnalysisResponse' object has no attribute 'trend'
2026-03-03 13:30:19 [DEBUG] [USDJPY] SMC Tracker: Price ranging inside structure. No sweeps detected.
2026-03-03 13:30:19 [DEBUG] Process Error on USDJPY: 'AnalysisResponse' object has no attribute 'trend'
2026-03-03 13:30:19 [DEBUG] [USDCAD] SMC Tracker: Price ranging inside structure. No sweeps detected.
2026-03-03 13:30:19 [DEBUG] Process Error on USDCAD: 'AnalysisResponse' object has no attribute 'trend'
2026-03-03 13:30:19 [DEBUG] [USDCHF] SMC Tracker: Bearish Liquidity Swept. Waiting for volume injection.
2026-03-03 13:30:19 [DEBUG] Process Error on USDCHF: 'AnalysisResponse' object has no attribute 'trend'
2026-03-03 13:30:19 [DEBUG] [AUDUSD] SMC Tracker: Bullish Liquidity Swept. Waiting for volume injection.
2026-03-03 13:30:19 [DEBUG] Process Error on AUDUSD: 'AnalysisResponse' object has no attribute 'trend'
2026-03-03 13:30:19 [DEBUG] [NZDUSD] SMC Tracker: Bullish Liquidity Swept. Waiting for volume injection.
2026-03-03 13:30:19 [DEBUG] Process Error on NZDUSD: 'AnalysisResponse' object has no attribute 'trend'
2026-03-03 13:30:19 [DEBUG] [XAUUSD] SMC Tracker: Price ranging inside structure. No sweeps detected.
2026-03-03 13:30:19 [DEBUG] Process Error on XAUUSD: 'AnalysisResponse' object has no attribute 'trend'
2026-03-03 13:31:19 [DEBUG] [EURUSD] SMC Tracker: Price ranging inside structure. No sweeps detected.
2026-03-03 13:31:19 [DEBUG] Process Error on EURUSD: 'AnalysisResponse' object has no attribute 'trend'
2026-03-03 13:31:19 [DEBUG] [GBPUSD] SMC Tracker: Price ranging inside structure. No sweeps detected.
2026-03-03 13:31:19 [DEBUG] Process Error on GBPUSD: 'AnalysisResponse' object has no attribute 'trend'
2026-03-03 13:31:19 [DEBUG] [USDJPY] SMC Tracker: Price ranging inside structure. No sweeps detected.
2026-03-03 13:31:19 [DEBUG] Process Error on USDJPY: 'AnalysisResponse' object has no attribute 'trend'
2026-03-03 13:31:19 [DEBUG] [USDCAD] SMC Tracker: Price ranging inside structure. No sweeps detected.
2026-03-03 13:31:19 [DEBUG] Process Error on USDCAD: 'AnalysisResponse' object has no attribute 'trend'
2026-03-03 13:31:19 [DEBUG] [USDCHF] SMC Tracker: Bearish Liquidity Swept. Waiting for volume injection.
2026-03-03 13:31:19 [DEBUG] Process Error on USDCHF: 'AnalysisResponse' object has no attribute 'trend'
2026-03-03 13:31:19 [DEBUG] [AUDUSD] SMC Tracker: Bullish Liquidity Swept. Waiting for volume injection.
2026-03-03 13:31:19 [DEBUG] Process Error on AUDUSD: 'AnalysisResponse' object has no attribute 'trend'
2026-03-03 13:31:19 [DEBUG] [NZDUSD] SMC Tracker: Bullish Liquidity Swept. Waiting for volume injection.
2026-03-03 13:31:19 [DEBUG] Process Error on NZDUSD: 'AnalysisResponse' object has no attribute 'trend'
2026-03-03 13:31:19 [DEBUG] [XAUUSD] SMC Tracker: Price ranging inside structure. No sweeps detected.
2026-03-03 13:31:19 [DEBUG] Process Error on XAUUSD: 'AnalysisResponse' object has no attribute 'trend'
2026-03-03 13:32:19 [DEBUG] [EURUSD] SMC Tracker: Price ranging inside structure. No sweeps detected.
2026-03-03 13:32:19 [DEBUG] Process Error on EURUSD: 'AnalysisResponse' object has no attribute 'trend'
2026-03-03 13:32:19 [DEBUG] [GBPUSD] SMC Tracker: Price ranging inside structure. No sweeps detected.
2026-03-03 13:32:19 [DEBUG] Process Error on GBPUSD: 'AnalysisResponse' object has no attribute 'trend'
2026-03-03 13:32:19 [DEBUG] [USDJPY] SMC Tracker: Price ranging inside structure. No sweeps detected.
2026-03-03 13:32:19 [DEBUG] Process Error on USDJPY: 'AnalysisResponse' object has no attribute 'trend'
2026-03-03 13:32:19 [DEBUG] [USDCAD] SMC Tracker: Price ranging inside structure. No sweeps detected.
2026-03-03 13:32:19 [DEBUG] Process Error on USDCAD: 'AnalysisResponse' object has no attribute 'trend'
2026-03-03 13:32:19 [DEBUG] [USDCHF] SMC Tracker: Bearish Liquidity Swept. Waiting for volume injection.
2026-03-03 13:32:19 [DEBUG] Process Error on USDCHF: 'AnalysisResponse' object has no attribute 'trend'
2026-03-03 13:32:19 [DEBUG] [AUDUSD] SMC Tracker: Bullish Liquidity Swept. Waiting for volume injection.
2026-03-03 13:32:19 [DEBUG] Process Error on AUDUSD: 'AnalysisResponse' object has no attribute 'trend'
2026-03-03 13:32:19 [DEBUG] [NZDUSD] SMC Tracker: Bullish Liquidity Swept. Waiting for volume injection.
2026-03-03 13:32:19 [DEBUG] Process Error on NZDUSD: 'AnalysisResponse' object has no attribute 'trend'
2026-03-03 13:32:19 [DEBUG] [XAUUSD] SMC Tracker: Price ranging inside structure. No sweeps detected.
2026-03-03 13:32:19 [DEBUG] Process Error on XAUUSD: 'AnalysisResponse' object has no attribute 'trend'
2026-03-03 13:33:19 [DEBUG] [EURUSD] SMC Tracker: Price ranging inside structure. No sweeps detected.
2026-03-03 13:33:19 [DEBUG] Process Error on EURUSD: 'AnalysisResponse' object has no attribute 'trend'
2026-03-03 13:33:19 [DEBUG] [GBPUSD] SMC Tracker: Price ranging inside structure. No sweeps detected.
2026-03-03 13:33:19 [DEBUG] Process Error on GBPUSD: 'AnalysisResponse' object has no attribute 'trend'
2026-03-03 13:33:19 [DEBUG] [USDJPY] SMC Tracker: Price ranging inside structure. No sweeps detected.
2026-03-03 13:33:19 [DEBUG] Process Error on USDJPY: 'AnalysisResponse' object has no attribute 'trend'
2026-03-03 13:33:19 [DEBUG] [USDCAD] SMC Tracker: Price ranging inside structure. No sweeps detected.
2026-03-03 13:33:19 [DEBUG] Process Error on USDCAD: 'AnalysisResponse' object has no attribute 'trend'
2026-03-03 13:33:19 [DEBUG] [USDCHF] SMC Tracker: Bearish Liquidity Swept. Waiting for volume injection.
2026-03-03 13:33:19 [DEBUG] Process Error on USDCHF: 'AnalysisResponse' object has no attribute 'trend'
2026-03-03 13:33:19 [DEBUG] [AUDUSD] SMC Tracker: Bullish Liquidity Swept. Waiting for volume injection.
2026-03-03 13:33:19 [DEBUG] Process Error on AUDUSD: 'AnalysisResponse' object has no attribute 'trend'
2026-03-03 13:33:19 [DEBUG] [NZDUSD] SMC Tracker: Bullish Liquidity Swept. Waiting for volume injection.
2026-03-03 13:33:19 [DEBUG] Process Error on NZDUSD: 'AnalysisResponse' object has no attribute 'trend'
2026-03-03 13:33:19 [DEBUG] [XAUUSD] SMC Tracker: Price ranging inside structure. No sweeps detected.
2026-03-03 13:33:19 [DEBUG] Process Error on XAUUSD: 'AnalysisResponse' object has no attribute 'trend'
2026-03-03 13:34:19 [DEBUG] [EURUSD] SMC Tracker: Price ranging inside structure. No sweeps detected.
2026-03-03 13:34:19 [DEBUG] Process Error on EURUSD: 'AnalysisResponse' object has no attribute 'trend'
2026-03-03 13:34:19 [DEBUG] [GBPUSD] SMC Tracker: Price ranging inside structure. No sweeps detected.
2026-03-03 13:34:19 [DEBUG] Process Error on GBPUSD: 'AnalysisResponse' object has no attribute 'trend'
2026-03-03 13:34:19 [DEBUG] [USDJPY] SMC Tracker: Price ranging inside structure. No sweeps detected.
2026-03-03 13:34:19 [DEBUG] Process Error on USDJPY: 'AnalysisResponse' object has no attribute 'trend'
2026-03-03 13:34:19 [DEBUG] [USDCAD] SMC Tracker: Price ranging inside structure. No sweeps detected.
2026-03-03 13:34:19 [DEBUG] Process Error on USDCAD: 'AnalysisResponse' object has no attribute 'trend'
2026-03-03 13:34:19 [DEBUG] [USDCHF] SMC Tracker: Bearish Liquidity Swept. Waiting for volume injection.
2026-03-03 13:34:19 [DEBUG] Process Error on USDCHF: 'AnalysisResponse' object has no attribute 'trend'
2026-03-03 13:34:19 [DEBUG] [AUDUSD] SMC Tracker: Bullish Liquidity Swept. Waiting for volume injection.
2026-03-03 13:34:19 [DEBUG] Process Error on AUDUSD: 'AnalysisResponse' object has no attribute 'trend'
2026-03-03 13:34:19 [DEBUG] [NZDUSD] SMC Tracker: Bullish Liquidity Swept. Waiting for volume injection.
2026-03-03 13:34:19 [DEBUG] Process Error on NZDUSD: 'AnalysisResponse' object has no attribute 'trend'
2026-03-03 13:34:19 [DEBUG] [XAUUSD] SMC Tracker: Price ranging inside structure. No sweeps detected.
2026-03-03 13:34:19 [DEBUG] Process Error on XAUUSD: 'AnalysisResponse' object has no attribute 'trend'
2026-03-03 13:35:19 [DEBUG] [EURUSD] SMC Tracker: Price ranging inside structure. No sweeps detected.
2026-03-03 13:35:19 [DEBUG] Process Error on EURUSD: 'AnalysisResponse' object has no attribute 'trend'
2026-03-03 13:35:19 [DEBUG] [GBPUSD] SMC Tracker: Price ranging inside structure. No sweeps detected.
2026-03-03 13:35:19 [DEBUG] Process Error on GBPUSD: 'AnalysisResponse' object has no attribute 'trend'
2026-03-03 13:35:19 [DEBUG] [USDJPY] SMC Tracker: Price ranging inside structure. No sweeps detected.
2026-03-03 13:35:19 [DEBUG] Process Error on USDJPY: 'AnalysisResponse' object has no attribute 'trend'
2026-03-03 13:35:19 [DEBUG] [USDCAD] SMC Tracker: Price ranging inside structure. No sweeps detected.
2026-03-03 13:35:19 [DEBUG] Process Error on USDCAD: 'AnalysisResponse' object has no attribute 'trend'
2026-03-03 13:35:19 [DEBUG] [USDCHF] SMC Tracker: Bearish Liquidity Swept. Waiting for volume injection.
2026-03-03 13:35:19 [DEBUG] Process Error on USDCHF: 'AnalysisResponse' object has no attribute 'trend'
2026-03-03 13:35:19 [DEBUG] [AUDUSD] SMC Tracker: Bullish Liquidity Swept. Waiting for volume injection.
2026-03-03 13:35:19 [DEBUG] Process Error on AUDUSD: 'AnalysisResponse' object has no attribute 'trend'
2026-03-03 13:35:19 [DEBUG] [NZDUSD] SMC Tracker: Bullish Liquidity Swept. Waiting for volume injection.
2026-03-03 13:35:19 [DEBUG] Process Error on NZDUSD: 'AnalysisResponse' object has no attribute 'trend'
2026-03-03 13:35:19 [DEBUG] [XAUUSD] SMC Tracker: Price ranging inside structure. No sweeps detected.
2026-03-03 13:35:19 [DEBUG] Process Error on XAUUSD: 'AnalysisResponse' object has no attribute 'trend'
2026-03-03 13:36:19 [DEBUG] [EURUSD] SMC Tracker: Price ranging inside structure. No sweeps detected.
2026-03-03 13:36:19 [DEBUG] Process Error on EURUSD: 'AnalysisResponse' object has no attribute 'trend'
2026-03-03 13:36:19 [DEBUG] [GBPUSD] SMC Tracker: Price ranging inside structure. No sweeps detected.
2026-03-03 13:36:19 [DEBUG] Process Error on GBPUSD: 'AnalysisResponse' object has no attribute 'trend'
2026-03-03 13:36:19 [DEBUG] [USDJPY] SMC Tracker: Price ranging inside structure. No sweeps detected.
2026-03-03 13:36:19 [DEBUG] Process Error on USDJPY: 'AnalysisResponse' object has no attribute 'trend'
2026-03-03 13:36:19 [DEBUG] [USDCAD] SMC Tracker: Price ranging inside structure. No sweeps detected.
2026-03-03 13:36:19 [DEBUG] Process Error on USDCAD: 'AnalysisResponse' object has no attribute 'trend'
2026-03-03 13:36:19 [DEBUG] [USDCHF] SMC Tracker: Bearish Liquidity Swept. Waiting for volume injection.
2026-03-03 13:36:19 [DEBUG] Process Error on USDCHF: 'AnalysisResponse' object has no attribute 'trend'
2026-03-03 13:36:19 [DEBUG] [AUDUSD] SMC Tracker: Bullish Liquidity Swept. Waiting for volume injection.
2026-03-03 13:36:19 [DEBUG] Process Error on AUDUSD: 'AnalysisResponse' object has no attribute 'trend'
2026-03-03 13:36:19 [DEBUG] [NZDUSD] SMC Tracker: Bullish Liquidity Swept. Waiting for volume injection.
2026-03-03 13:36:19 [DEBUG] Process Error on NZDUSD: 'AnalysisResponse' object has no attribute 'trend'
2026-03-03 13:36:19 [DEBUG] [XAUUSD] SMC Tracker: Price ranging inside structure. No sweeps detected.
2026-03-03 13:36:19 [DEBUG] Process Error on XAUUSD: 'AnalysisResponse' object has no attribute 'trend'
2026-03-03 13:37:19 [DEBUG] [EURUSD] SMC Tracker: Price ranging inside structure. No sweeps detected.
2026-03-03 13:37:19 [DEBUG] Process Error on EURUSD: 'AnalysisResponse' object has no attribute 'trend'
2026-03-03 13:37:19 [DEBUG] [GBPUSD] SMC Tracker: Price ranging inside structure. No sweeps detected.
2026-03-03 13:37:19 [DEBUG] Process Error on GBPUSD: 'AnalysisResponse' object has no attribute 'trend'
2026-03-03 13:37:19 [DEBUG] [USDJPY] SMC Tracker: Price ranging inside structure. No sweeps detected.
2026-03-03 13:37:19 [DEBUG] Process Error on USDJPY: 'AnalysisResponse' object has no attribute 'trend'
2026-03-03 13:37:19 [DEBUG] [USDCAD] SMC Tracker: Price ranging inside structure. No sweeps detected.
2026-03-03 13:37:19 [DEBUG] Process Error on USDCAD: 'AnalysisResponse' object has no attribute 'trend'
2026-03-03 13:37:19 [DEBUG] [USDCHF] SMC Tracker: Bearish Liquidity Swept. Waiting for volume injection.
2026-03-03 13:37:19 [DEBUG] Process Error on USDCHF: 'AnalysisResponse' object has no attribute 'trend'
2026-03-03 13:37:19 [DEBUG] [AUDUSD] SMC Tracker: Bullish Liquidity Swept. Waiting for volume injection.
2026-03-03 13:37:19 [DEBUG] Process Error on AUDUSD: 'AnalysisResponse' object has no attribute 'trend'
2026-03-03 13:37:19 [DEBUG] [NZDUSD] SMC Tracker: Bullish Liquidity Swept. Waiting for volume injection.
2026-03-03 13:37:19 [DEBUG] Process Error on NZDUSD: 'AnalysisResponse' object has no attribute 'trend'
2026-03-03 13:37:19 [DEBUG] [XAUUSD] SMC Tracker: Price ranging inside structure. No sweeps detected.
2026-03-03 13:37:19 [DEBUG] Process Error on XAUUSD: 'AnalysisResponse' object has no attribute 'trend'
2026-03-03 13:38:19 [DEBUG] [EURUSD] SMC Tracker: Price ranging inside structure. No sweeps detected.
2026-03-03 13:38:19 [DEBUG] Process Error on EURUSD: 'AnalysisResponse' object has no attribute 'trend'
2026-03-03 13:38:19 [DEBUG] [GBPUSD] SMC Tracker: Price ranging inside structure. No sweeps detected.
2026-03-03 13:38:19 [DEBUG] Process Error on GBPUSD: 'AnalysisResponse' object has no attribute 'trend'
2026-03-03 13:38:19 [DEBUG] [USDJPY] SMC Tracker: Price ranging inside structure. No sweeps detected.
2026-03-03 13:38:19 [DEBUG] Process Error on USDJPY: 'AnalysisResponse' object has no attribute 'trend'
2026-03-03 13:38:19 [DEBUG] [USDCAD] SMC Tracker: Price ranging inside structure. No sweeps detected.
2026-03-03 13:38:19 [DEBUG] Process Error on USDCAD: 'AnalysisResponse' object has no attribute 'trend'
2026-03-03 13:38:19 [DEBUG] [USDCHF] SMC Tracker: Bearish Liquidity Swept. Waiting for volume injection.
2026-03-03 13:38:19 [DEBUG] Process Error on USDCHF: 'AnalysisResponse' object has no attribute 'trend'
2026-03-03 13:38:19 [DEBUG] [AUDUSD] SMC Tracker: Bullish Liquidity Swept. Waiting for volume injection.
2026-03-03 13:38:19 [DEBUG] Process Error on AUDUSD: 'AnalysisResponse' object has no attribute 'trend'
2026-03-03 13:38:19 [DEBUG] [NZDUSD] SMC Tracker: Bullish Liquidity Swept. Waiting for volume injection.
2026-03-03 13:38:19 [DEBUG] Process Error on NZDUSD: 'AnalysisResponse' object has no attribute 'trend'
2026-03-03 13:38:19 [DEBUG] [XAUUSD] SMC Tracker: Price ranging inside structure. No sweeps detected.
2026-03-03 13:38:19 [DEBUG] Process Error on XAUUSD: 'AnalysisResponse' object has no attribute 'trend'
2026-03-03 13:39:18 [DEBUG] [EURUSD] SMC Tracker: Price ranging inside structure. No sweeps detected.
2026-03-03 13:39:18 [DEBUG] Process Error on EURUSD: 'AnalysisResponse' object has no attribute 'trend'
2026-03-03 13:39:18 [DEBUG] [GBPUSD] SMC Tracker: Price ranging inside structure. No sweeps detected.
2026-03-03 13:39:18 [DEBUG] Process Error on GBPUSD: 'AnalysisResponse' object has no attribute 'trend'
2026-03-03 13:39:18 [DEBUG] [USDJPY] SMC Tracker: Price ranging inside structure. No sweeps detected.
2026-03-03 13:39:18 [DEBUG] Process Error on USDJPY: 'AnalysisResponse' object has no attribute 'trend'
2026-03-03 13:39:18 [DEBUG] [USDCAD] SMC Tracker: Price ranging inside structure. No sweeps detected.
2026-03-03 13:39:18 [DEBUG] Process Error on USDCAD: 'AnalysisResponse' object has no attribute 'trend'
2026-03-03 13:39:18 [DEBUG] [USDCHF] SMC Tracker: Bearish Liquidity Swept. Waiting for volume injection.
2026-03-03 13:39:18 [DEBUG] Process Error on USDCHF: 'AnalysisResponse' object has no attribute 'trend'
2026-03-03 13:39:19 [DEBUG] [AUDUSD] SMC Tracker: Bullish Liquidity Swept. Waiting for volume injection.
2026-03-03 13:39:19 [DEBUG] Process Error on AUDUSD: 'AnalysisResponse' object has no attribute 'trend'
2026-03-03 13:39:19 [DEBUG] [NZDUSD] SMC Tracker: Bullish Liquidity Swept. Waiting for volume injection.
2026-03-03 13:39:19 [DEBUG] Process Error on NZDUSD: 'AnalysisResponse' object has no attribute 'trend'
2026-03-03 13:39:19 [DEBUG] [XAUUSD] SMC Tracker: Price ranging inside structure. No sweeps detected.
2026-03-03 13:39:19 [DEBUG] Process Error on XAUUSD: 'AnalysisResponse' object has no attribute 'trend'
2026-03-03 13:40:19 [DEBUG] [EURUSD] SMC Tracker: Price ranging inside structure. No sweeps detected.
2026-03-03 13:40:19 [DEBUG] Process Error on EURUSD: 'AnalysisResponse' object has no attribute 'trend'
2026-03-03 13:40:19 [DEBUG] [GBPUSD] SMC Tracker: Price ranging inside structure. No sweeps detected.
2026-03-03 13:40:19 [DEBUG] Process Error on GBPUSD: 'AnalysisResponse' object has no attribute 'trend'
2026-03-03 13:40:19 [DEBUG] [USDJPY] SMC Tracker: Price ranging inside structure. No sweeps detected.
2026-03-03 13:40:19 [DEBUG] Process Error on USDJPY: 'AnalysisResponse' object has no attribute 'trend'
2026-03-03 13:40:19 [DEBUG] [USDCAD] SMC Tracker: Price ranging inside structure. No sweeps detected.
2026-03-03 13:40:19 [DEBUG] Process Error on USDCAD: 'AnalysisResponse' object has no attribute 'trend'
2026-03-03 13:40:19 [DEBUG] [USDCHF] SMC Tracker: Bearish Liquidity Swept. Waiting for volume injection.
2026-03-03 13:40:19 [DEBUG] Process Error on USDCHF: 'AnalysisResponse' object has no attribute 'trend'
2026-03-03 13:40:19 [DEBUG] [AUDUSD] SMC Tracker: Bullish Liquidity Swept. Waiting for volume injection.
2026-03-03 13:40:19 [DEBUG] Process Error on AUDUSD: 'AnalysisResponse' object has no attribute 'trend'
2026-03-03 13:40:19 [DEBUG] [NZDUSD] SMC Tracker: Bullish Liquidity Swept. Waiting for volume injection.
2026-03-03 13:40:19 [DEBUG] Process Error on NZDUSD: 'AnalysisResponse' object has no attribute 'trend'
2026-03-03 13:40:19 [DEBUG] [XAUUSD] SMC Tracker: Price ranging inside structure. No sweeps detected.
2026-03-03 13:40:19 [DEBUG] Process Error on XAUUSD: 'AnalysisResponse' object has no attribute 'trend'
2026-03-03 13:41:19 [DEBUG] [EURUSD] SMC Tracker: Price ranging inside structure. No sweeps detected.
2026-03-03 13:41:19 [DEBUG] Process Error on EURUSD: 'AnalysisResponse' object has no attribute 'trend'
2026-03-03 13:41:19 [DEBUG] [GBPUSD] SMC Tracker: Price ranging inside structure. No sweeps detected.
2026-03-03 13:41:19 [DEBUG] Process Error on GBPUSD: 'AnalysisResponse' object has no attribute 'trend'
2026-03-03 13:41:19 [DEBUG] [USDJPY] SMC Tracker: Price ranging inside structure. No sweeps detected.
2026-03-03 13:41:19 [DEBUG] Process Error on USDJPY: 'AnalysisResponse' object has no attribute 'trend'
2026-03-03 13:41:19 [DEBUG] [USDCAD] SMC Tracker: Price ranging inside structure. No sweeps detected.
2026-03-03 13:41:19 [DEBUG] Process Error on USDCAD: 'AnalysisResponse' object has no attribute 'trend'
2026-03-03 13:41:19 [DEBUG] [USDCHF] SMC Tracker: Bearish Liquidity Swept. Waiting for volume injection.
2026-03-03 13:41:19 [DEBUG] Process Error on USDCHF: 'AnalysisResponse' object has no attribute 'trend'
2026-03-03 13:41:19 [DEBUG] [AUDUSD] SMC Tracker: Bullish Liquidity Swept. Waiting for volume injection.
2026-03-03 13:41:19 [DEBUG] Process Error on AUDUSD: 'AnalysisResponse' object has no attribute 'trend'
2026-03-03 13:41:19 [DEBUG] [NZDUSD] SMC Tracker: Bullish Liquidity Swept. Waiting for volume injection.
2026-03-03 13:41:19 [DEBUG] Process Error on NZDUSD: 'AnalysisResponse' object has no attribute 'trend'
2026-03-03 13:41:19 [DEBUG] [XAUUSD] SMC Tracker: Price ranging inside structure. No sweeps detected.
2026-03-03 13:41:19 [DEBUG] Process Error on XAUUSD: 'AnalysisResponse' object has no attribute 'trend'
2026-03-03 13:42:19 [DEBUG] [EURUSD] SMC Tracker: Price ranging inside structure. No sweeps detected.
2026-03-03 13:42:19 [DEBUG] Process Error on EURUSD: 'AnalysisResponse' object has no attribute 'trend'
2026-03-03 13:42:19 [DEBUG] [GBPUSD] SMC Tracker: Price ranging inside structure. No sweeps detected.
2026-03-03 13:42:19 [DEBUG] Process Error on GBPUSD: 'AnalysisResponse' object has no attribute 'trend'
2026-03-03 13:42:19 [DEBUG] [USDJPY] SMC Tracker: Price ranging inside structure. No sweeps detected.
2026-03-03 13:42:19 [DEBUG] Process Error on USDJPY: 'AnalysisResponse' object has no attribute 'trend'
2026-03-03 13:42:19 [DEBUG] [USDCAD] SMC Tracker: Price ranging inside structure. No sweeps detected.
2026-03-03 13:42:19 [DEBUG] Process Error on USDCAD: 'AnalysisResponse' object has no attribute 'trend'
2026-03-03 13:42:19 [DEBUG] [USDCHF] SMC Tracker: Bearish Liquidity Swept. Waiting for volume injection.
2026-03-03 13:42:19 [DEBUG] Process Error on USDCHF: 'AnalysisResponse' object has no attribute 'trend'
2026-03-03 13:42:19 [DEBUG] [AUDUSD] SMC Tracker: Bullish Liquidity Swept. Waiting for volume injection.
2026-03-03 13:42:19 [DEBUG] Process Error on AUDUSD: 'AnalysisResponse' object has no attribute 'trend'
2026-03-03 13:42:19 [DEBUG] [NZDUSD] SMC Tracker: Bullish Liquidity Swept. Waiting for volume injection.
2026-03-03 13:42:19 [DEBUG] Process Error on NZDUSD: 'AnalysisResponse' object has no attribute 'trend'
2026-03-03 13:42:19 [DEBUG] [XAUUSD] SMC Tracker: Price ranging inside structure. No sweeps detected.
2026-03-03 13:42:19 [DEBUG] Process Error on XAUUSD: 'AnalysisResponse' object has no attribute 'trend'
2026-03-03 13:42:59 [INFO] Stopped.
